model_rank,batter_name,team,opponent,opposing_pitcher,lineup_slot,venue,park_hr_factor,hr_rating,rating,baseline_rating,matchup_rating,pitcher_vulnerability_rating,pitch_matchup_edge_rating,park_rating,weather_rating,lineup_context_rating,weather_temperature_f,weather_wind_mph,weather_wind_direction_deg,recent_power_rating,barrel_rating,contact_quality_rating,exit_velocity_rating,key_factors,expected_lineup,production_score,ranking_score
1,Junior Caminero,Tampa Bay Rays,Houston Astros,Miguel Ullola,3,Tropicana Field,107.0,10.0,Elite,7.8,9.6,9.5,9.6,5.8,6.5,8.0,81.5,2.8583066,141.0,9.0,7.8,8.9,10.0,Pitch-type matchup + Pitcher vulnerability,True,0.8343055555555554,0.8343055555555554
2,Yohandy Morales,Washington Nationals,Los Angeles Angels,Yusei Kikuchi,5,Nationals Park,105.0,10.0,Elite,8.1,9.8,8.9,9.8,5.7,6.5,6.0,78.25999999999999,3.728226,73.0,9.3,10.0,9.6,8.1,Pitch-type matchup + Recent power,True,0.8247222222222221,0.8247222222222221
3,Kevin McGonigle,Detroit Tigers,Colorado Rockies,Mason Adams,1,Comerica Park,100.0,9.9,Elite,7.4,9.2,9.9,9.2,5.5,6.6,10.0,73.94,6.2758471,96.0,9.3,8.1,6.0,6.0,Lineup context + Pitcher vulnerability,True,0.8091666666666667,0.8091666666666667
4,Daylen Lile,Washington Nationals,Los Angeles Angels,Yusei Kikuchi,6,Nationals Park,105.0,9.9,Elite,9.6,7.0,8.9,7.0,5.7,6.5,5.0,78.25999999999999,3.728226,73.0,3.6,9.4,8.1,8.7,Hitter skill + Pitcher vulnerability,True,0.7925,0.7925
5,Roman Anthony,Boston Red Sox,Kansas City Royals,Seth Lugo,1,Fenway Park,92.0,9.9,Elite,8.3,9.9,7.2,9.9,5.1,6.6,10.0,71.78,5.2195164,295.0,3.6,7.8,9.9,9.4,Lineup context + Pitch-type matchup,True,0.7790277777777778,0.7790277777777778
6,Colson Montgomery,Chicago White Sox,St. Louis Cardinals,Matthew Liberatore,5,Busch Stadium,70.0,9.8,Elite,9.6,7.2,7.9,7.2,4.2,5.5,6.0,,,,9.4,6.9,8.8,8.0,Hitter skill + Recent power,True,0.7734722222222221,0.7734722222222221
7,Zach Neto,Los Angeles Angels,Washington Nationals,Cade Cavalli,1,Nationals Park,105.0,9.8,Elite,9.0,8.9,6.9,8.9,5.7,6.5,10.0,78.25999999999999,3.728226,73.0,6.5,6.4,6.3,8.4,Lineup context + Hitter skill,True,0.7672222222222222,0.7672222222222222
8,Yandy Díaz,Tampa Bay Rays,Houston Astros,Miguel Ullola,1,Tropicana Field,107.0,9.8,Elite,7.6,6.1,9.5,6.1,5.8,6.5,10.0,81.5,2.8583066,141.0,6.2,9.3,9.0,7.9,Lineup context + Pitcher vulnerability,True,0.7666666666666666,0.7666666666666666
9,Jackson Chourio,Milwaukee Brewers,Cincinnati Reds,Andrew Abbott,1,American Family Field,88.0,9.7,Elite,9.7,8.9,5.9,8.9,5.0,6.7,10.0,73.22,9.5069763,146.0,6.3,7.1,6.9,8.1,Lineup context + Hitter skill,True,0.7633333333333333,0.7633333333333333
10,Chase DeLauter,Cleveland Guardians,Minnesota Twins,Taj Bradley,2,Target Field,113.0,9.7,Elite,9.4,7.7,6.5,7.7,6.1,5.5,9.0,,,,3.6,8.8,10.0,9.7,Hitter skill + Lineup context,True,0.7593055555555555,0.7593055555555555
11,Jackson Merrill,San Diego Padres,San Francisco Giants,Anthony Molina,5,Oracle Park,139.0,9.7,Elite,9.2,8.7,6.2,8.7,7.3,6.2,6.0,66.02,15.6585492,280.0,3.6,9.3,9.6,9.6,Hitter skill + Pitch-type matchup,True,0.754861111111111,0.754861111111111
12,Colt Keith,Detroit Tigers,Colorado Rockies,Mason Adams,3,Comerica Park,100.0,9.6,Elite,8.5,5.5,9.9,5.5,5.5,6.6,8.0,73.94,6.2758471,96.0,3.6,7.2,7.4,5.3,Pitcher vulnerability + Hitter skill,True,0.7484722222222222,0.7484722222222222
13,Julio Rodríguez,Seattle Mariners,Athletics,Jeffrey Springs,5,Sutter Health Park,100.0,9.6,Elite,9.3,6.0,9.2,6.0,5.5,5.5,6.0,,,,3.6,6.6,6.5,7.0,Hitter skill + Pitcher vulnerability,True,0.7476388888888891,0.7476388888888891
14,Fernando Tatis,San Diego Padres,San Francisco Giants,Anthony Molina,1,Oracle Park,139.0,9.6,Elite,8.1,7.4,6.2,7.4,7.3,6.2,10.0,66.02,15.6585492,280.0,7.7,9.9,10.0,9.8,Lineup context + Hitter skill,True,0.7408333333333333,0.7408333333333333
15,Dylan Crews,Washington Nationals,Los Angeles Angels,Yusei Kikuchi,2,Nationals Park,105.0,9.5,Elite,6.5,9.1,8.9,9.1,5.7,6.5,9.0,78.25999999999999,3.728226,73.0,7.2,4.1,8.2,8.5,Pitch-type matchup + Lineup context,True,0.7388888888888888,0.7388888888888888
16,Andrés Chaparro,Washington Nationals,Los Angeles Angels,Yusei Kikuchi,3,Nationals Park,105.0,9.5,Elite,5.4,9.9,8.9,9.9,5.7,6.5,8.0,78.25999999999999,3.728226,73.0,8.8,6.8,9.6,9.5,Pitch-type matchup + Pitcher vulnerability,True,0.7379166666666667,0.7379166666666667
17,Cal Raleigh,Seattle Mariners,Athletics,Jeffrey Springs,4,Sutter Health Park,100.0,9.5,Elite,6.1,7.7,9.2,7.7,5.5,5.5,7.0,,,,7.7,10.0,9.7,9.8,Pitcher vulnerability + Pitch-type matchup,True,0.731111111111111,0.731111111111111
18,Jose Siri,Los Angeles Angels,Washington Nationals,Cade Cavalli,3,Nationals Park,105.0,9.4,Excellent,9.3,6.2,6.9,6.2,5.7,6.5,8.0,78.25999999999999,3.728226,73.0,3.6,9.6,8.5,8.0,Hitter skill + Lineup context,True,0.7298611111111111,0.7298611111111111
19,Keibert Ruiz,Washington Nationals,Los Angeles Angels,Yusei Kikuchi,7,Nationals Park,105.0,9.4,Excellent,9.2,4.9,8.9,4.9,5.7,6.5,4.0,78.25999999999999,3.728226,73.0,3.6,5.9,9.3,7.3,Hitter skill + Pitcher vulnerability,True,0.7231944444444444,0.7231944444444444
20,Coby Mayo,Baltimore Orioles,Toronto Blue Jays,Max Scherzer,3,Rogers Centre,69.0,9.4,Excellent,8.9,9.7,5.5,9.7,4.1,5.9,8.0,66.74000000000001,4.7845567,101.0,9.7,9.0,5.8,4.2,Pitch-type matchup + Recent power,True,0.7195833333333334,0.7195833333333334
21,Bobby Witt,Kansas City Royals,Boston Red Sox,Sonny Gray,2,Fenway Park,92.0,9.3,Excellent,9.7,7.8,4.5,7.8,5.1,6.6,9.0,71.78,5.2195164,295.0,6.5,8.2,6.4,9.4,Hitter skill + Lineup context,True,0.7093055555555555,0.7093055555555555
22,Will Smith,Los Angeles Dodgers,Miami Marlins,Ryan Gusto,2,loanDepot park,135.0,9.3,Excellent,9.5,8.1,4.9,8.1,7.1,6.6,9.0,75.38,7.0214923,207.0,8.8,3.1,9.5,2.3,Hitter skill + Lineup context,True,0.7015277777777776,0.7015277777777776
23,Wilyer Abreu,Boston Red Sox,Kansas City Royals,Seth Lugo,3,Fenway Park,92.0,9.3,Excellent,8.5,7.4,7.2,7.4,5.1,6.6,8.0,71.78,5.2195164,295.0,3.6,5.4,7.7,5.9,Hitter skill + Lineup context,True,0.6991666666666666,0.6991666666666666
24,Matt Olson,Atlanta Braves,Philadelphia Phillies,Aaron Nola,3,Truist Park,100.0,9.2,Excellent,7.6,7.5,8.2,7.5,5.5,6.7,8.0,81.14,9.4448392,176.0,3.6,4.9,6.1,6.3,Pitcher vulnerability + Lineup context,True,0.6943055555555554,0.6943055555555554
25,Kody Clemens,Minnesota Twins,Cleveland Guardians,Parker Messick,3,Target Field,113.0,9.2,Excellent,8.8,8.8,3.9,8.8,6.1,5.5,8.0,,,,7.7,9.5,9.5,8.2,Hitter skill + Pitch-type matchup,True,0.6915277777777777,0.6915277777777777
26,Heriberto Hernandez,Miami Marlins,Los Angeles Dodgers,TBD,2,loanDepot park,135.0,9.2,Excellent,9.1,5.5,5.5,5.5,7.1,6.6,9.0,75.38,7.0214923,207.0,6.8,8.5,5.9,8.3,Hitter skill + Lineup context,True,0.6856944444444443,0.6856944444444443
27,Luis García,New York Yankees,New York Mets,Nolan McLean,4,Yankee Stadium,117.0,9.1,Excellent,9.9,9.7,2.2,9.7,6.3,6.5,7.0,76.28,4.6602825,325.0,8.6,8.4,7.1,7.4,Hitter skill + Pitch-type matchup,True,0.6829166666666667,0.6829166666666667
28,Mookie Betts,Los Angeles Dodgers,Miami Marlins,Ryan Gusto,3,loanDepot park,135.0,9.1,Excellent,10.0,6.6,4.9,6.6,7.1,6.6,8.0,75.38,7.0214923,207.0,6.8,5.6,3.9,5.9,Hitter skill + Lineup context,True,0.6813888888888888,0.6813888888888888
29,Henry Bolte,Athletics,Seattle Mariners,George Kirby,1,Sutter Health Park,100.0,9.1,Excellent,8.4,5.7,7.5,5.7,5.5,5.5,10.0,,,,6.8,4.1,5.1,5.3,Lineup context + Hitter skill,True,0.6776388888888889,0.6776388888888889
30,Griffin Conine,Miami Marlins,Los Angeles Dodgers,TBD,3,loanDepot park,135.0,9.0,Excellent,8.6,5.5,5.5,5.5,7.1,6.6,8.0,75.38,7.0214923,207.0,7.7,9.8,8.3,6.9,Hitter skill + Lineup context,True,0.6768055555555554,0.6768055555555554
31,Leo Bernal,St. Louis Cardinals,Chicago White Sox,Anthony Kay,4,Busch Stadium,70.0,9.0,Excellent,9.5,6.8,5.2,6.8,4.2,5.5,7.0,,,,3.6,4.9,9.8,9.9,Hitter skill + Lineup context,True,0.6736111111111112,0.6736111111111112
32,Joc Pederson,Texas Rangers,Arizona Diamondbacks,TBD,1,Chase Field,213.0,9.0,Excellent,9.0,5.5,5.5,5.5,10.0,5.5,10.0,,,,9.3,5.6,3.1,5.4,Ballpark + Lineup context,True,0.6725000000000001,0.6725000000000001
33,Carter Jensen,Kansas City Royals,Boston Red Sox,Sonny Gray,1,Fenway Park,92.0,8.9,Excellent,9.8,5.9,4.5,5.9,5.1,6.6,10.0,71.78,5.2195164,295.0,6.8,8.0,3.6,8.0,Lineup context + Hitter skill,True,0.6694444444444445,0.6694444444444445
34,Bryan Reynolds,Pittsburgh Pirates,Chicago Cubs,Shota Imanaga,3,Wrigley Field,107.0,8.9,Excellent,6.5,4.0,8.5,4.0,5.8,6.7,8.0,74.3,9.5069763,124.0,7.7,9.2,8.5,9.5,Pitcher vulnerability + Lineup context,True,0.6676388888888888,0.6676388888888888
35,Hunter Goodman,Colorado Rockies,Detroit Tigers,Framber Valdez,3,Comerica Park,100.0,8.9,Excellent,8.2,9.9,3.2,9.9,5.5,6.6,8.0,73.94,6.2758471,96.0,7.7,9.2,8.3,7.5,Pitch-type matchup + Hitter skill,True,0.6640277777777778,0.6640277777777778
36,Oneil Cruz,Pittsburgh Pirates,Chicago Cubs,Shota Imanaga,2,Wrigley Field,107.0,8.8,Excellent,8.6,3.6,8.5,3.6,5.8,6.7,9.0,74.3,9.5069763,124.0,3.6,8.3,1.9,2.6,Lineup context + Hitter skill,True,0.6594444444444443,0.6594444444444443
37,Manny Machado,San Diego Padres,San Francisco Giants,Anthony Molina,3,Oracle Park,139.0,8.8,Excellent,6.6,9.3,6.2,9.3,7.3,6.2,8.0,66.02,15.6585492,280.0,9.5,6.3,6.0,3.0,Recent power + Pitch-type matchup,True,0.6588888888888889,0.6588888888888889
38,Brooks Lee,Minnesota Twins,Cleveland Guardians,Parker Messick,2,Target Field,113.0,8.8,Excellent,8.3,8.3,3.9,8.3,6.1,5.5,9.0,,,,7.7,7.7,8.7,7.5,Lineup context + Hitter skill,True,0.6583333333333333,0.6583333333333333
39,Ryan Vilade,Tampa Bay Rays,Houston Astros,Miguel Ullola,2,Tropicana Field,107.0,8.7,Excellent,3.5,9.1,9.5,9.1,5.8,6.5,9.0,81.5,2.8583066,141.0,3.6,5.8,9.9,9.0,Pitcher vulnerability + Pitch-type matchup,True,0.6573611111111111,0.6573611111111111
40,Ben Rice,New York Yankees,New York Mets,Nolan McLean,1,Yankee Stadium,117.0,8.7,Excellent,9.6,9.4,2.2,9.4,6.3,6.5,10.0,76.28,4.6602825,325.0,6.8,6.9,4.6,6.5,Lineup context + Hitter skill,True,0.6566666666666667,0.6566666666666667
41,Max Muncy,Los Angeles Dodgers,Miami Marlins,Ryan Gusto,4,loanDepot park,135.0,8.7,Excellent,9.2,8.0,4.9,8.0,7.1,6.6,7.0,75.38,7.0214923,207.0,3.6,4.7,5.4,4.7,Hitter skill + Pitch-type matchup,True,0.6566666666666666,0.6566666666666666
42,Nathaniel Lowe,Cleveland Guardians,Minnesota Twins,Taj Bradley,6,Target Field,113.0,8.6,Excellent,9.0,5.3,6.5,5.3,6.1,5.5,5.0,,,,8.6,4.8,5.7,5.8,Hitter skill + Recent power,True,0.65375,0.65375
43,Denzer Guzman,Los Angeles Angels,Washington Nationals,Cade Cavalli,8,Nationals Park,105.0,8.6,Excellent,9.9,5.0,6.9,5.0,5.7,6.5,3.0,78.25999999999999,3.728226,73.0,3.6,6.7,4.4,3.4,Hitter skill + Pitcher vulnerability,True,0.6537499999999999,0.6537499999999999
44,CJ Abrams,Washington Nationals,Los Angeles Angels,Yusei Kikuchi,4,Nationals Park,105.0,8.6,Excellent,7.0,6.1,8.9,6.1,5.7,6.5,7.0,78.25999999999999,3.728226,73.0,6.8,5.0,1.7,4.6,Pitcher vulnerability + Hitter skill,True,0.6531944444444443,0.6531944444444443
45,Riley Greene,Detroit Tigers,Colorado Rockies,Mason Adams,4,Comerica Park,100.0,8.5,Strong,3.8,7.3,9.9,7.3,5.5,6.6,7.0,73.94,6.2758471,96.0,9.9,9.9,7.8,4.5,Pitcher vulnerability + Recent power,True,0.6520833333333333,0.6520833333333333
46,William Contreras,Milwaukee Brewers,Cincinnati Reds,Andrew Abbott,3,American Family Field,88.0,8.5,Strong,9.1,4.5,5.9,4.5,5.0,6.7,8.0,73.22,9.5069763,146.0,6.5,4.9,6.7,7.9,Hitter skill + Lineup context,True,0.6488888888888888,0.6488888888888888
47,Salvador Perez,Kansas City Royals,Boston Red Sox,Sonny Gray,4,Fenway Park,92.0,8.5,Strong,8.0,8.0,4.5,8.0,5.1,6.6,7.0,71.78,5.2195164,295.0,6.8,9.1,8.4,6.8,Hitter skill + Pitch-type matchup,True,0.647361111111111,0.647361111111111
48,Luis Torrens,New York Mets,New York Yankees,Carlos Rodón,9,Yankee Stadium,117.0,8.4,Strong,7.9,9.4,4.2,9.4,6.3,6.5,2.0,76.28,4.6602825,325.0,3.6,9.9,9.9,8.9,Pitch-type matchup + Hitter skill,True,0.6423611111111112,0.6423611111111112
49,Nolan Arenado,Arizona Diamondbacks,Texas Rangers,TBD,4,Chase Field,213.0,8.4,Strong,8.8,5.5,5.5,5.5,10.0,5.5,7.0,,,,6.8,2.3,5.3,6.2,Ballpark + Hitter skill,True,0.6375000000000001,0.6375000000000001
50,Cedric Mullins,Tampa Bay Rays,Houston Astros,Miguel Ullola,9,Tropicana Field,107.0,8.4,Strong,4.8,8.8,9.5,8.8,5.8,6.5,2.0,81.5,2.8583066,141.0,3.6,8.3,4.7,6.7,Pitcher vulnerability + Pitch-type matchup,True,0.6359722222222222,0.6359722222222222
51,Munetaka Murakami,Chicago White Sox,St. Louis Cardinals,Matthew Liberatore,3,Busch Stadium,70.0,8.3,Strong,5.5,8.5,7.9,8.5,4.2,5.5,8.0,,,,9.3,4.4,1.9,9.3,Recent power + Pitch-type matchup,True,0.6354166666666666,0.6354166666666666
52,Nolan Gorman,St. Louis Cardinals,Chicago White Sox,Anthony Kay,6,Busch Stadium,70.0,8.3,Strong,7.7,8.7,5.2,8.7,4.2,5.5,5.0,,,,8.1,7.9,3.2,8.8,Pitch-type matchup + Recent power,True,0.6333333333333333,0.6333333333333333
53,Spencer Jones,New York Yankees,New York Mets,Nolan McLean,5,Yankee Stadium,117.0,8.3,Strong,9.9,9.5,2.2,9.5,6.3,6.5,6.0,76.28,4.6602825,325.0,3.6,6.7,2.8,8.2,Hitter skill + Pitch-type matchup,True,0.6315277777777778,0.6315277777777778
54,Ronald Acuña,Atlanta Braves,Philadelphia Phillies,Aaron Nola,2,Truist Park,100.0,8.2,Strong,3.7,8.0,8.2,8.0,5.5,6.7,9.0,81.14,9.4448392,176.0,9.5,7.7,7.6,8.8,Recent power + Lineup context,True,0.631111111111111,0.631111111111111
55,Nick Gonzales,Pittsburgh Pirates,Chicago Cubs,Shota Imanaga,4,Wrigley Field,107.0,8.2,Strong,8.4,3.9,8.5,3.9,5.8,6.7,7.0,74.3,9.5069763,124.0,3.6,3.8,2.2,2.9,Pitcher vulnerability + Hitter skill,True,0.6304166666666665,0.6304166666666665
56,Ketel Marte,Arizona Diamondbacks,Texas Rangers,TBD,2,Chase Field,213.0,8.2,Strong,7.8,5.5,5.5,5.5,10.0,5.5,9.0,,,,6.3,4.5,5.6,7.7,Ballpark + Lineup context,True,0.6298611111111112,0.6298611111111112
57,Brian Serven,Athletics,Seattle Mariners,George Kirby,8,Sutter Health Park,100.0,8.1,Strong,5.8,9.0,7.5,9.0,5.5,5.5,3.0,,,,8.1,8.2,3.4,6.5,Pitch-type matchup + Recent power,True,0.6275000000000001,0.6275000000000001
58,Lawrence Butler,Athletics,Seattle Mariners,George Kirby,2,Sutter Health Park,100.0,8.1,Strong,5.6,9.2,7.5,9.2,5.5,5.5,9.0,,,,8.1,3.4,4.3,3.2,Pitch-type matchup + Lineup context,True,0.6275,0.6275
59,Ty France,San Diego Padres,San Francisco Giants,Anthony Molina,4,Oracle Park,139.0,8.1,Strong,6.0,9.0,6.2,9.0,7.3,6.2,7.0,66.02,15.6585492,280.0,3.6,6.9,7.2,6.8,Pitch-type matchup + Ballpark,True,0.6270833333333333,0.6270833333333333
60,Jake McCarthy,Colorado Rockies,Detroit Tigers,Framber Valdez,1,Comerica Park,100.0,8.0,Strong,9.4,6.3,3.2,6.3,5.5,6.6,10.0,73.94,6.2758471,96.0,6.5,7.6,7.3,4.5,Lineup context + Hitter skill,True,0.6268055555555555,0.6268055555555555
61,Cole Young,Seattle Mariners,Athletics,Jeffrey Springs,7,Sutter Health Park,100.0,8.0,Strong,5.9,7.1,9.2,7.1,5.5,5.5,4.0,,,,3.6,9.0,4.8,2.5,Pitcher vulnerability + Pitch-type matchup,True,0.6256944444444446,0.6256944444444446
62,Kyle Tucker,Los Angeles Dodgers,Miami Marlins,Ryan Gusto,6,loanDepot park,135.0,8.0,Strong,9.8,4.9,4.9,4.9,7.1,6.6,5.0,75.38,7.0214923,207.0,8.6,3.0,3.8,5.7,Hitter skill + Recent power,True,0.6251388888888889,0.6251388888888889
63,Lars Nootbaar,Arizona Diamondbacks,Texas Rangers,TBD,9,Chase Field,213.0,7.9,Strong,8.4,5.5,5.5,5.5,10.0,5.5,2.0,,,,3.6,8.6,6.9,7.8,Ballpark + Hitter skill,True,0.622638888888889,0.622638888888889
64,Vinnie Pasquantino,Kansas City Royals,Boston Red Sox,Sonny Gray,3,Fenway Park,92.0,7.9,Strong,7.6,5.4,4.5,5.4,5.1,6.6,8.0,71.78,5.2195164,295.0,9.1,8.7,9.8,9.6,Recent power + Lineup context,True,0.6216666666666666,0.6216666666666666
65,Josh Bell,Minnesota Twins,Cleveland Guardians,Parker Messick,4,Target Field,113.0,7.9,Strong,8.7,6.9,3.9,6.9,6.1,5.5,7.0,,,,7.7,5.8,6.8,7.5,Hitter skill + Recent power,True,0.6213888888888889,0.6213888888888889
66,Francisco Lindor,New York Mets,New York Yankees,Carlos Rodón,1,Yankee Stadium,117.0,7.8,Strong,6.0,9.1,4.2,9.1,6.3,6.5,10.0,76.28,4.6602825,325.0,9.0,7.7,6.6,9.6,Lineup context + Pitch-type matchup,True,0.6209722222222223,0.6209722222222223
67,Brett Callahan,Detroit Tigers,Colorado Rockies,Mason Adams,6,Comerica Park,100.0,7.8,Strong,5.1,4.1,9.9,4.1,5.5,6.6,5.0,73.94,6.2758471,96.0,3.6,8.5,8.7,7.4,Pitcher vulnerability + Weather,True,0.6147222222222222,0.6147222222222222
68,Pete Crow-Armstrong,Chicago Cubs,Pittsburgh Pirates,Wilber Dotel,1,Wrigley Field,107.0,7.8,Strong,7.5,9.7,1.5,9.7,5.8,6.7,10.0,74.3,9.5069763,124.0,9.0,8.7,7.9,9.3,Lineup context + Pitch-type matchup,True,0.6126388888888888,0.6126388888888888
69,Miguel Vargas,Chicago White Sox,St. Louis Cardinals,Matthew Liberatore,2,Busch Stadium,70.0,7.7,Strong,6.3,6.0,7.9,6.0,4.2,5.5,9.0,,,,7.2,5.1,2.8,6.5,Lineup context + Pitcher vulnerability,True,0.6122222222222222,0.6122222222222222
70,Alec Burleson,St. Louis Cardinals,Chicago White Sox,Anthony Kay,3,Busch Stadium,70.0,7.7,Strong,7.0,7.1,5.2,7.1,4.2,5.5,8.0,,,,6.3,7.0,8.6,8.6,Lineup context + Pitch-type matchup,True,0.6104166666666667,0.6104166666666667
71,Joe Mack,Miami Marlins,Los Angeles Dodgers,TBD,9,loanDepot park,135.0,7.7,Strong,9.5,5.5,5.5,5.5,7.1,6.6,2.0,75.38,7.0214923,207.0,3.6,2.3,8.2,2.2,Hitter skill + Ballpark,True,0.6051388888888888,0.6051388888888888
72,Marcus Semien,New York Mets,New York Yankees,Carlos Rodón,6,Yankee Stadium,117.0,7.6,Strong,10.0,7.1,4.2,7.1,6.3,6.5,5.0,76.28,4.6602825,325.0,3.6,2.0,3.3,2.6,Hitter skill + Pitch-type matchup,True,0.6040277777777778,0.6040277777777778
73,Owen Caissie,Miami Marlins,Los Angeles Dodgers,TBD,7,loanDepot park,135.0,7.6,Strong,9.4,5.5,5.5,5.5,7.1,6.6,4.0,75.38,7.0214923,207.0,3.6,4.0,4.0,1.9,Hitter skill + Ballpark,True,0.60125,0.60125
74,Tommy White,Athletics,Seattle Mariners,George Kirby,5,Sutter Health Park,100.0,7.6,Strong,7.9,3.3,7.5,3.3,5.5,5.5,6.0,,,,3.6,8.9,4.2,4.8,Hitter skill + Pitcher vulnerability,True,0.5995833333333334,0.5995833333333334
75,Jakob Marsee,Miami Marlins,Los Angeles Dodgers,TBD,5,loanDepot park,135.0,7.5,Strong,8.0,5.5,5.5,5.5,7.1,6.6,6.0,75.38,7.0214923,207.0,3.6,3.9,4.9,8.1,Hitter skill + Ballpark,True,0.5948611111111111,0.5948611111111111
76,Jarren Duran,Boston Red Sox,Kansas City Royals,Seth Lugo,7,Fenway Park,92.0,7.5,Strong,5.9,5.1,7.2,5.1,5.1,6.6,4.0,71.78,5.2195164,295.0,7.7,7.4,8.7,8.8,Recent power + Pitcher vulnerability,True,0.5936111111111112,0.5936111111111112
77,Dillon Dingler,Detroit Tigers,Colorado Rockies,Mason Adams,5,Comerica Park,100.0,7.5,Strong,4.1,5.9,9.9,5.9,5.5,6.6,6.0,73.94,6.2758471,96.0,3.6,2.5,9.4,6.6,Pitcher vulnerability + Weather,True,0.5915277777777778,0.5915277777777778
78,Max Muncy,Athletics,Seattle Mariners,George Kirby,6,Sutter Health Park,100.0,7.4,Above average,4.6,8.2,7.5,8.2,5.5,5.5,5.0,,,,9.6,8.0,4.0,5.7,Recent power + Pitch-type matchup,True,0.5898611111111112,0.5898611111111112
79,Tim Tawa,Arizona Diamondbacks,Texas Rangers,TBD,5,Chase Field,213.0,7.4,Above average,6.9,5.5,5.5,5.5,10.0,5.5,6.0,,,,8.1,8.0,5.9,3.6,Ballpark + Recent power,True,0.5894444444444445,0.5894444444444445
80,Ezequiel Duran,Texas Rangers,Arizona Diamondbacks,TBD,3,Chase Field,213.0,7.4,Above average,6.2,5.5,5.5,5.5,10.0,5.5,8.0,,,,6.8,6.2,7.4,7.8,Ballpark + Lineup context,True,0.5880555555555556,0.5880555555555556
81,Konnor Griffin,Pittsburgh Pirates,Chicago Cubs,Shota Imanaga,1,Wrigley Field,107.0,7.3,Above average,4.4,5.8,8.5,5.8,5.8,6.7,10.0,74.3,9.5069763,124.0,3.6,5.0,8.5,5.4,Lineup context + Pitcher vulnerability,True,0.5870833333333333,0.5870833333333333
82,Joey Ortiz,Milwaukee Brewers,Cincinnati Reds,Andrew Abbott,7,American Family Field,88.0,7.3,Above average,6.7,7.3,5.9,7.3,5.0,6.7,4.0,73.22,9.5069763,146.0,3.6,2.8,9.8,8.2,Pitch-type matchup + Hitter skill,True,0.5866666666666667,0.5866666666666667
83,Mickey Gasper,Boston Red Sox,Kansas City Royals,Seth Lugo,2,Fenway Park,92.0,7.3,Above average,6.7,4.0,7.2,4.0,5.1,6.6,9.0,71.78,5.2195164,295.0,7.2,6.5,2.9,5.6,Lineup context + Pitcher vulnerability,True,0.5863888888888887,0.5863888888888887
84,James Wood,Washington Nationals,Los Angeles Angels,Yusei Kikuchi,1,Nationals Park,105.0,7.2,Above average,1.4,9.6,8.9,9.6,5.7,6.5,10.0,78.25999999999999,3.728226,73.0,3.6,7.4,7.6,10.0,Lineup context + Pitch-type matchup,True,0.5852777777777778,0.5852777777777778
85,Cody Bellinger,New York Yankees,New York Mets,Nolan McLean,2,Yankee Stadium,117.0,7.2,Above average,8.9,4.6,2.2,4.6,6.3,6.5,9.0,76.28,4.6602825,325.0,7.2,9.6,8.6,7.7,Lineup context + Hitter skill,True,0.5823611111111111,0.5823611111111111
86,Mike Trout,Los Angeles Angels,Washington Nationals,Cade Cavalli,2,Nationals Park,105.0,7.2,Above average,7.9,3.0,6.9,3.0,5.7,6.5,9.0,78.25999999999999,3.728226,73.0,3.6,6.1,1.8,5.0,Lineup context + Hitter skill,True,0.5804166666666666,0.5804166666666666
87,Kyle Stowers,Miami Marlins,Los Angeles Dodgers,TBD,1,loanDepot park,135.0,7.1,Above average,4.9,5.5,5.5,5.5,7.1,6.6,10.0,75.38,7.0214923,207.0,7.7,9.2,9.5,9.8,Lineup context + Recent power,True,0.5791666666666667,0.5791666666666667
88,Graham Pauley,Miami Marlins,Los Angeles Dodgers,TBD,8,loanDepot park,135.0,7.1,Above average,7.4,5.5,5.5,5.5,7.1,6.6,3.0,75.38,7.0214923,207.0,8.5,6.0,5.8,5.2,Recent power + Hitter skill,True,0.5790277777777777,0.5790277777777777
89,Elly De La Cruz,Cincinnati Reds,Milwaukee Brewers,Dustin May,2,American Family Field,88.0,7.1,Above average,8.3,5.0,2.5,5.0,5.0,6.7,9.0,73.22,9.5069763,146.0,10.0,9.3,5.9,9.7,Recent power + Lineup context,True,0.57875,0.57875
90,Nick Fortes,Tampa Bay Rays,Houston Astros,Miguel Ullola,8,Tropicana Field,107.0,7.0,Above average,4.8,6.6,9.5,6.6,5.8,6.5,3.0,81.5,2.8583066,141.0,3.6,4.2,7.0,1.8,Pitcher vulnerability + Pitch-type matchup,True,0.5769444444444444,0.5769444444444444
91,Alika Williams,Athletics,Seattle Mariners,George Kirby,9,Sutter Health Park,100.0,7.0,Above average,6.6,6.2,7.5,6.2,5.5,5.5,2.0,,,,8.4,1.4,8.0,1.8,Recent power + Pitcher vulnerability,True,0.5744444444444444,0.5744444444444444
92,Luis Campusano,San Diego Padres,San Francisco Giants,Anthony Molina,6,Oracle Park,139.0,7.0,Above average,7.2,4.1,6.2,4.1,7.3,6.2,5.0,66.02,15.6585492,280.0,9.6,8.5,2.4,3.4,Recent power + Ballpark,True,0.5718055555555556,0.5718055555555556
93,Rafael Flores,Pittsburgh Pirates,Chicago Cubs,Shota Imanaga,6,Wrigley Field,107.0,6.9,Above average,5.0,2.7,8.5,2.7,5.8,6.7,5.0,74.3,9.5069763,124.0,6.8,9.0,8.0,8.7,Pitcher vulnerability + Recent power,True,0.5693055555555555,0.5693055555555555
94,José Ramírez,Cleveland Guardians,Minnesota Twins,Taj Bradley,3,Target Field,113.0,6.9,Above average,7.1,5.2,6.5,5.2,6.1,5.5,8.0,,,,3.6,1.4,4.6,6.4,Lineup context + Hitter skill,True,0.5683333333333334,0.5683333333333334
95,Lourdes Gurriel,Arizona Diamondbacks,Texas Rangers,TBD,6,Chase Field,213.0,6.9,Above average,6.6,5.5,5.5,5.5,10.0,5.5,5.0,,,,3.6,3.8,7.5,9.2,Ballpark + Hitter skill,True,0.5676388888888889,0.5676388888888889
96,Zack Gelof,Athletics,Seattle Mariners,George Kirby,3,Sutter Health Park,100.0,6.8,Above average,3.7,7.9,7.5,7.9,5.5,5.5,8.0,,,,7.2,7.4,4.9,6.0,Lineup context + Pitch-type matchup,True,0.5640277777777778,0.5640277777777778
97,Jared Young,New York Mets,New York Yankees,Carlos Rodón,5,Yankee Stadium,117.0,6.8,Above average,9.8,3.2,4.2,3.2,6.3,6.5,6.0,76.28,4.6602825,325.0,3.6,2.5,6.8,4.6,Hitter skill + Weather,True,0.5629166666666667,0.5629166666666667
98,Javier Sanoja,Miami Marlins,Los Angeles Dodgers,TBD,6,loanDepot park,135.0,6.8,Above average,6.4,5.5,5.5,5.5,7.1,6.6,5.0,75.38,7.0214923,207.0,7.7,2.8,9.1,7.2,Recent power + Ballpark,True,0.5622222222222223,0.5622222222222223
99,Royce Lewis,Minnesota Twins,Cleveland Guardians,Parker Messick,7,Target Field,113.0,6.7,Above average,7.3,6.8,3.9,6.8,6.1,5.5,4.0,,,,3.6,9.8,8.8,6.9,Hitter skill + Pitch-type matchup,True,0.5618055555555557,0.5618055555555557
100,Ildemaro Vargas,Arizona Diamondbacks,Texas Rangers,TBD,1,Chase Field,213.0,6.7,Above average,7.1,5.5,5.5,5.5,10.0,5.5,10.0,,,,3.6,1.4,4.9,2.0,Ballpark + Lineup context,True,0.56125,0.56125
101,Danny Jansen,Texas Rangers,Arizona Diamondbacks,TBD,9,Chase Field,213.0,6.7,Above average,6.8,5.5,5.5,5.5,10.0,5.5,2.0,,,,8.8,9.1,3.9,2.5,Ballpark + Recent power,True,0.5584722222222223,0.5584722222222223
102,Geraldo Perdomo,Arizona Diamondbacks,Texas Rangers,TBD,3,Chase Field,213.0,6.6,Above average,7.3,5.5,5.5,5.5,10.0,5.5,8.0,,,,3.6,1.4,4.1,3.2,Ballpark + Lineup context,True,0.5584722222222221,0.5584722222222221
103,Isiah Kiner-Falefa,Boston Red Sox,Kansas City Royals,Seth Lugo,8,Fenway Park,92.0,6.6,Above average,8.2,2.6,7.2,2.6,5.1,6.6,3.0,71.78,5.2195164,295.0,8.1,2.9,3.7,1.6,Hitter skill + Recent power,True,0.5551388888888887,0.5551388888888887
104,Randy Arozarena,Seattle Mariners,Athletics,Jeffrey Springs,2,Sutter Health Park,100.0,6.6,Above average,3.4,6.9,9.2,6.9,5.5,5.5,9.0,,,,3.6,6.2,2.3,4.7,Pitcher vulnerability + Lineup context,True,0.5538888888888889,0.5538888888888889
105,Brayan Rocchio,Cleveland Guardians,Minnesota Twins,Taj Bradley,9,Target Field,113.0,6.5,Solid,6.1,6.5,6.5,6.5,6.1,5.5,2.0,,,,9.9,3.5,5.6,4.2,Recent power + Pitcher vulnerability,True,0.5533333333333333,0.5533333333333333
106,Enrique Hernández,Los Angeles Dodgers,Miami Marlins,Ryan Gusto,9,loanDepot park,135.0,6.5,Solid,9.7,3.1,4.9,3.1,7.1,6.6,2.0,75.38,7.0214923,207.0,3.6,3.5,3.5,5.1,Hitter skill + Ballpark,True,0.5526388888888888,0.5526388888888888
107,Drake Baldwin,Atlanta Braves,Philadelphia Phillies,Aaron Nola,1,Truist Park,100.0,6.5,Solid,4.1,3.7,8.2,3.7,5.5,6.7,10.0,81.14,9.4448392,176.0,7.2,5.9,6.3,7.0,Lineup context + Pitcher vulnerability,True,0.5483333333333333,0.5483333333333333
108,Christian Encarnacion-Strand,Baltimore Orioles,Toronto Blue Jays,Max Scherzer,4,Rogers Centre,69.0,6.4,Solid,4.0,9.6,5.5,9.6,4.1,5.9,7.0,66.74000000000001,4.7845567,101.0,3.6,9.8,6.5,7.3,Pitch-type matchup + Lineup context,True,0.5427777777777777,0.5427777777777777
109,Nick Sogard,Boston Red Sox,Kansas City Royals,Seth Lugo,5,Fenway Park,92.0,6.4,Solid,5.9,3.8,7.2,3.8,5.1,6.6,6.0,71.78,5.2195164,295.0,7.2,5.2,3.1,7.1,Pitcher vulnerability + Recent power,True,0.5413888888888889,0.5413888888888889
110,Kaelen Culpepper,Minnesota Twins,Cleveland Guardians,Parker Messick,5,Target Field,113.0,6.4,Solid,6.2,8.6,3.9,8.6,6.1,5.5,6.0,,,,3.6,3.9,8.2,7.1,Pitch-type matchup + Hitter skill,True,0.5399999999999999,0.5399999999999999
111,Lazaro Montes,Seattle Mariners,Athletics,Jeffrey Springs,8,Sutter Health Park,100.0,6.3,Solid,2.7,9.3,9.2,9.3,5.5,5.5,3.0,,,,9.5,4.6,1.0,1.6,Recent power + Pitch-type matchup,True,0.5368055555555554,0.5368055555555554
112,Travis Bazzana,Cleveland Guardians,Minnesota Twins,Taj Bradley,5,Target Field,113.0,6.3,Solid,5.0,5.4,6.5,5.4,6.1,5.5,6.0,,,,9.7,5.3,7.7,4.2,Recent power + Pitcher vulnerability,True,0.5359722222222222,0.5359722222222222
113,Brewer Hicklen,Atlanta Braves,Philadelphia Phillies,Aaron Nola,8,Truist Park,100.0,6.3,Solid,6.9,1.5,8.2,1.5,5.5,6.7,3.0,81.14,9.4448392,176.0,3.6,3.8,3.3,8.3,Pitcher vulnerability + Hitter skill,True,0.5352777777777777,0.5352777777777777
114,Dylan Beavers,Baltimore Orioles,Toronto Blue Jays,Max Scherzer,1,Rogers Centre,69.0,6.2,Solid,6.3,5.6,5.5,5.6,4.1,5.9,10.0,66.74000000000001,4.7845567,101.0,3.6,7.9,3.0,4.0,Lineup context + Hitter skill,True,0.5331944444444444,0.5331944444444444
115,Kyle Karros,Colorado Rockies,Detroit Tigers,Framber Valdez,6,Comerica Park,100.0,6.2,Solid,8.8,4.3,3.2,4.3,5.5,6.6,5.0,73.94,6.2758471,96.0,8.6,8.1,3.6,2.4,Hitter skill + Recent power,True,0.5323611111111112,0.5323611111111112
116,Alex Bregman,Chicago Cubs,Pittsburgh Pirates,Wilber Dotel,4,Wrigley Field,107.0,6.2,Solid,7.7,8.1,1.5,8.1,5.8,6.7,7.0,74.3,9.5069763,124.0,3.6,8.8,8.6,3.2,Pitch-type matchup + Hitter skill,True,0.5313888888888889,0.5313888888888889
117,Alejandro Kirk,Toronto Blue Jays,Baltimore Orioles,Chris Bassitt,4,Rogers Centre,69.0,6.1,Solid,6.8,5.7,3.5,5.7,4.1,5.9,7.0,66.74000000000001,4.7845567,101.0,6.5,7.5,7.5,9.5,Lineup context + Hitter skill,True,0.5313888888888889,0.5313888888888889
118,J.P. Crawford,Seattle Mariners,Athletics,Jeffrey Springs,1,Sutter Health Park,100.0,6.1,Solid,5.7,2.2,9.2,2.2,5.5,5.5,10.0,,,,3.6,1.4,2.5,1.7,Lineup context + Pitcher vulnerability,True,0.5261111111111112,0.5261111111111112
119,Donovan Walton,Athletics,Seattle Mariners,George Kirby,7,Sutter Health Park,100.0,6.1,Solid,2.8,8.1,7.5,8.1,5.5,5.5,4.0,,,,8.4,6.8,6.6,6.3,Recent power + Pitch-type matchup,True,0.5259722222222223,0.5259722222222223
120,Max Clark,Detroit Tigers,Colorado Rockies,Mason Adams,7,Comerica Park,100.0,6.0,Solid,4.0,4.6,9.9,4.6,5.5,6.6,4.0,73.94,6.2758471,96.0,3.6,1.4,7.1,2.8,Pitcher vulnerability + Weather,True,0.5254166666666668,0.5254166666666668
121,Andrew Benintendi,Chicago White Sox,St. Louis Cardinals,Matthew Liberatore,4,Busch Stadium,70.0,6.0,Solid,3.2,5.3,7.9,5.3,4.2,5.5,7.0,,,,3.6,8.4,9.7,9.3,Pitcher vulnerability + Lineup context,True,0.5252777777777778,0.5252777777777778
122,Tristan Peters,Chicago White Sox,St. Louis Cardinals,Matthew Liberatore,8,Busch Stadium,70.0,6.0,Solid,2.9,7.9,7.9,7.9,4.2,5.5,3.0,,,,3.6,7.3,9.7,7.6,Pitcher vulnerability + Pitch-type matchup,True,0.5247222222222222,0.5247222222222222
123,Patrick Bailey,Cleveland Guardians,Minnesota Twins,Taj Bradley,8,Target Field,113.0,5.9,Solid,7.5,3.7,6.5,3.7,6.1,5.5,3.0,,,,3.6,2.3,3.7,4.8,Hitter skill + Pitcher vulnerability,True,0.5222222222222221,0.5222222222222221
124,Jonny DeLuca,Tampa Bay Rays,Houston Astros,Miguel Ullola,4,Tropicana Field,107.0,5.9,Solid,3.0,7.4,9.5,7.4,5.8,6.5,7.0,81.5,2.8583066,141.0,3.6,1.4,1.7,2.2,Pitcher vulnerability + Pitch-type matchup,True,0.5204166666666667,0.5204166666666667
125,Ryan McMahon,New York Yankees,New York Mets,Nolan McLean,7,Yankee Stadium,117.0,5.9,Solid,9.3,6.7,2.2,6.7,6.3,6.5,4.0,76.28,4.6602825,325.0,3.6,2.2,2.0,5.5,Hitter skill + Pitch-type matchup,True,0.5204166666666666,0.5204166666666666
126,Dominic Canzone,Seattle Mariners,Athletics,Jeffrey Springs,3,Sutter Health Park,100.0,5.8,Solid,1.1,9.3,9.2,9.3,5.5,5.5,8.0,,,,3.6,7.2,3.5,4.1,Pitch-type matchup + Pitcher vulnerability,True,0.5183333333333333,0.5183333333333333
127,Jo Adell,Cleveland Guardians,Minnesota Twins,Taj Bradley,4,Target Field,113.0,5.8,Solid,4.9,5.3,6.5,5.3,6.1,5.5,7.0,,,,3.6,2.5,7.8,8.5,Lineup context + Pitcher vulnerability,True,0.5177777777777778,0.5177777777777778
128,Braden Montgomery,Chicago White Sox,St. Louis Cardinals,Matthew Liberatore,6,Busch Stadium,70.0,5.8,Solid,5.1,3.5,7.9,3.5,4.2,5.5,5.0,,,,8.1,5.5,4.6,5.2,Recent power + Pitcher vulnerability,True,0.5158333333333334,0.5158333333333334
129,Christian Walker,Houston Astros,Tampa Bay Rays,Drew Rasmussen,6,Tropicana Field,107.0,5.7,Solid,9.1,4.3,1.9,4.3,5.8,6.5,5.0,81.5,2.8583066,141.0,8.1,3.4,6.0,6.7,Hitter skill + Recent power,True,0.5136111111111111,0.5136111111111111
130,Cam Smith,Houston Astros,Tampa Bay Rays,Drew Rasmussen,7,Tropicana Field,107.0,5.7,Solid,8.9,5.1,1.9,5.1,5.8,6.5,4.0,81.5,2.8583066,141.0,9.8,4.8,6.1,2.9,Recent power + Hitter skill,True,0.5122222222222222,0.5122222222222222
131,Jackson Holliday,Baltimore Orioles,Toronto Blue Jays,Max Scherzer,5,Rogers Centre,69.0,5.7,Solid,6.8,4.4,5.5,4.4,4.1,5.9,6.0,66.74000000000001,4.7845567,101.0,3.6,5.5,6.6,3.7,Hitter skill + Lineup context,True,0.5113888888888888,0.5113888888888888
132,Bryan Torres,St. Louis Cardinals,Chicago White Sox,Anthony Kay,1,Busch Stadium,70.0,5.6,Solid,8.2,3.5,5.2,3.5,4.2,5.5,10.0,,,,3.6,1.4,1.4,2.0,Lineup context + Hitter skill,True,0.5094444444444445,0.5094444444444445
133,Taylor Trammell,Houston Astros,Tampa Bay Rays,Drew Rasmussen,8,Tropicana Field,107.0,5.6,Solid,8.5,6.7,1.9,6.7,5.8,6.5,3.0,81.5,2.8583066,141.0,3.6,7.1,4.5,5.7,Hitter skill + Pitch-type matchup,True,0.50875,0.50875
134,Trea Turner,Philadelphia Phillies,Atlanta Braves,Chris Sale,2,Truist Park,100.0,5.6,Solid,6.5,7.6,1.2,7.6,5.5,6.7,9.0,81.14,9.4448392,176.0,9.3,6.1,7.4,7.3,Recent power + Lineup context,True,0.50875,0.50875
135,Michael Conforto,Chicago Cubs,Pittsburgh Pirates,Wilber Dotel,8,Wrigley Field,107.0,5.5,Solid,6.4,9.8,1.5,9.8,5.8,6.7,3.0,74.3,9.5069763,124.0,8.6,8.6,4.7,5.1,Pitch-type matchup + Recent power,True,0.5058333333333334,0.5058333333333334
136,Vladimir Guerrero,Toronto Blue Jays,Baltimore Orioles,Chris Bassitt,3,Rogers Centre,69.0,5.5,Solid,5.6,6.6,3.5,6.6,4.1,5.9,8.0,66.74000000000001,4.7845567,101.0,3.6,7.0,9.0,9.4,Lineup context + Pitch-type matchup,True,0.503611111111111,0.503611111111111
137,Christian Yelich,Milwaukee Brewers,Cincinnati Reds,Andrew Abbott,5,American Family Field,88.0,5.4,Neutral,4.6,4.4,5.9,4.4,5.0,6.7,6.0,73.22,9.5069763,146.0,3.6,8.4,8.9,9.2,Weather + Lineup context,True,0.5031944444444445,0.5031944444444445
138,Bo Bichette,New York Mets,New York Yankees,Carlos Rodón,3,Yankee Stadium,117.0,5.4,Neutral,5.6,4.8,4.2,4.8,6.3,6.5,8.0,76.28,4.6602825,325.0,9.1,7.3,6.1,5.0,Recent power + Lineup context,True,0.5023611111111111,0.5023611111111111
139,Ke'Bryan Hayes,Cincinnati Reds,Milwaukee Brewers,Dustin May,9,American Family Field,88.0,5.4,Neutral,7.4,6.9,2.5,6.9,5.0,6.7,2.0,73.22,9.5069763,146.0,3.6,5.4,9.2,7.1,Hitter skill + Pitch-type matchup,True,0.5015277777777778,0.5015277777777778
140,Juan Soto,New York Mets,New York Yankees,Carlos Rodón,2,Yankee Stadium,117.0,5.3,Neutral,4.3,6.3,4.2,6.3,6.3,6.5,9.0,76.28,4.6602825,325.0,6.3,6.8,7.2,9.9,Lineup context + Weather,True,0.5008333333333334,0.5008333333333334
141,Pete Alonso,Baltimore Orioles,Toronto Blue Jays,Max Scherzer,2,Rogers Centre,69.0,5.3,Neutral,1.4,9.5,5.5,9.5,4.1,5.9,9.0,66.74000000000001,4.7845567,101.0,7.2,8.8,8.9,9.7,Pitch-type matchup + Lineup context,True,0.4963888888888889,0.4963888888888889
142,Hao-Yu Lee,Detroit Tigers,Colorado Rockies,Mason Adams,2,Comerica Park,100.0,5.3,Neutral,1.4,4.9,9.9,4.9,5.5,6.6,9.0,73.94,6.2758471,96.0,3.6,6.5,4.4,6.1,Pitcher vulnerability + Lineup context,True,0.49527777777777776,0.49527777777777776
143,Joshua Báez,St. Louis Cardinals,Chicago White Sox,Anthony Kay,5,Busch Stadium,70.0,5.2,Neutral,3.6,8.7,5.2,8.7,4.2,5.5,6.0,,,,8.1,3.7,6.4,7.9,Pitch-type matchup + Recent power,True,0.4943055555555556,0.4943055555555556
144,Shay Whitcomb,San Francisco Giants,San Diego Padres,Robbie Ray,6,Oracle Park,139.0,5.2,Neutral,8.6,3.0,2.9,3.0,7.3,6.2,5.0,66.02,15.6585492,280.0,3.6,8.3,4.1,4.1,Hitter skill + Ballpark,True,0.4926388888888888,0.4926388888888888
145,Isaac Paredes,Houston Astros,Tampa Bay Rays,Drew Rasmussen,3,Tropicana Field,107.0,5.2,Neutral,7.8,6.4,1.9,6.4,5.8,6.5,8.0,81.5,2.8583066,141.0,6.8,2.4,2.1,5.8,Lineup context + Hitter skill,True,0.49236111111111114,0.49236111111111114
146,Ben Malgeri,Detroit Tigers,Colorado Rockies,Mason Adams,8,Comerica Park,100.0,5.1,Neutral,2.5,5.1,9.9,5.1,5.5,6.6,3.0,73.94,6.2758471,96.0,3.6,4.5,4.2,5.9,Pitcher vulnerability + Weather,True,0.49194444444444446,0.49194444444444446
147,Xander Bogaerts,San Diego Padres,San Francisco Giants,Anthony Molina,2,Oracle Park,139.0,5.1,Neutral,4.5,2.4,6.2,2.4,7.3,6.2,9.0,66.02,15.6585492,280.0,3.6,4.3,9.4,9.9,Lineup context + Ballpark,True,0.48944444444444446,0.48944444444444446
148,Corey Seager,Texas Rangers,Arizona Diamondbacks,TBD,2,Chase Field,213.0,5.1,Neutral,2.0,5.5,5.5,5.5,10.0,5.5,9.0,,,,9.8,8.9,9.2,8.9,Ballpark + Recent power,True,0.48944444444444446,0.48944444444444446
149,Adael Amador,Colorado Rockies,Detroit Tigers,Framber Valdez,7,Comerica Park,100.0,5.0,Neutral,4.7,10.0,3.2,10.0,5.5,6.6,4.0,73.94,6.2758471,96.0,7.7,8.6,3.7,3.6,Pitch-type matchup + Recent power,True,0.4888888888888889,0.4888888888888889
150,Leody Taveras,Baltimore Orioles,Toronto Blue Jays,Max Scherzer,8,Rogers Centre,69.0,5.0,Neutral,6.9,6.0,5.5,6.0,4.1,5.9,3.0,66.74000000000001,4.7845567,101.0,3.6,2.3,2.7,2.1,Hitter skill + Pitch-type matchup,True,0.48847222222222214,0.48847222222222214
151,Nate Eaton,Boston Red Sox,Kansas City Royals,Seth Lugo,9,Fenway Park,92.0,5.0,Neutral,4.9,3.4,7.2,3.4,5.1,6.6,2.0,71.78,5.2195164,295.0,3.6,5.0,7.0,9.1,Pitcher vulnerability + Weather,True,0.4879166666666666,0.4879166666666666
152,Bryce Harper,Philadelphia Phillies,Atlanta Braves,Chris Sale,3,Truist Park,100.0,4.9,Neutral,6.4,8.4,1.2,8.4,5.5,6.7,8.0,81.14,9.4448392,176.0,3.6,6.6,5.3,8.4,Pitch-type matchup + Lineup context,True,0.48736111111111124,0.48736111111111124
153,Andrew Vaughn,Milwaukee Brewers,Cincinnati Reds,Andrew Abbott,4,American Family Field,88.0,4.9,Neutral,4.2,4.2,5.9,4.2,5.0,6.7,7.0,73.22,9.5069763,146.0,8.8,4.0,6.9,8.9,Recent power + Lineup context,True,0.48583333333333334,0.48583333333333334
154,Jared Triolo,Pittsburgh Pirates,Chicago Cubs,Shota Imanaga,9,Wrigley Field,107.0,4.9,Neutral,5.3,2.4,8.5,2.4,5.8,6.7,2.0,74.3,9.5069763,124.0,3.6,1.9,4.8,3.9,Pitcher vulnerability + Weather,True,0.48138888888888887,0.48138888888888887
155,Nathan Church,St. Louis Cardinals,Chicago White Sox,Anthony Kay,8,Busch Stadium,70.0,4.8,Neutral,8.1,3.2,5.2,3.2,4.2,5.5,3.0,,,,3.6,1.4,5.6,2.4,Hitter skill + Weather,True,0.48138888888888887,0.48138888888888887
156,Daulton Varsho,Houston Astros,Tampa Bay Rays,Drew Rasmussen,5,Tropicana Field,107.0,4.8,Neutral,8.0,4.4,1.9,4.4,5.8,6.5,6.0,81.5,2.8583066,141.0,7.7,7.3,5.4,3.1,Hitter skill + Recent power,True,0.48125000000000007,0.48125000000000007
157,A.J. Ewing,New York Mets,New York Yankees,Carlos Rodón,7,Yankee Stadium,117.0,4.8,Neutral,7.2,3.8,4.2,3.8,6.3,6.5,4.0,76.28,4.6602825,325.0,6.8,2.2,5.5,3.8,Hitter skill + Recent power,True,0.47847222222222224,0.47847222222222224
158,Jorge Mateo,Tampa Bay Rays,Houston Astros,Miguel Ullola,7,Tropicana Field,107.0,4.7,Neutral,3.2,3.4,9.5,3.4,5.8,6.5,4.0,81.5,2.8583066,141.0,3.6,7.5,2.8,3.3,Pitcher vulnerability + Weather,True,0.4783333333333333,0.4783333333333333
159,Seiya Suzuki,Chicago Cubs,Pittsburgh Pirates,Wilber Dotel,2,Wrigley Field,107.0,4.7,Neutral,7.1,7.3,1.5,7.3,5.8,6.7,9.0,74.3,9.5069763,124.0,3.6,6.4,2.3,4.3,Lineup context + Pitch-type matchup,True,0.4775,0.4775
160,Luke Keaschall,Minnesota Twins,Cleveland Guardians,Parker Messick,1,Target Field,113.0,4.7,Neutral,3.9,7.6,3.9,7.6,6.1,5.5,10.0,,,,3.6,5.8,8.0,7.2,Lineup context + Pitch-type matchup,True,0.4763888888888888,0.4763888888888888
161,Bryce Eldridge,San Francisco Giants,San Diego Padres,Robbie Ray,3,Oracle Park,139.0,4.6,Neutral,5.4,5.5,2.9,5.5,7.3,6.2,8.0,66.02,15.6585492,280.0,6.8,4.4,7.5,9.0,Lineup context + Ballpark,True,0.47597222222222224,0.47597222222222224
162,Spencer Horwitz,Pittsburgh Pirates,Chicago Cubs,Shota Imanaga,8,Wrigley Field,107.0,4.6,Neutral,4.7,3.3,8.5,3.3,5.8,6.7,3.0,74.3,9.5069763,124.0,3.6,1.4,3.4,4.1,Pitcher vulnerability + Weather,True,0.4748611111111111,0.4748611111111111
163,Brandon Lowe,Pittsburgh Pirates,Chicago Cubs,Shota Imanaga,5,Wrigley Field,107.0,4.6,Neutral,3.9,3.1,8.5,3.1,5.8,6.7,6.0,74.3,9.5069763,124.0,3.6,2.2,4.3,5.3,Pitcher vulnerability + Weather,True,0.4736111111111111,0.4736111111111111
164,Teoscar Hernández,Los Angeles Dodgers,Miami Marlins,Ryan Gusto,5,loanDepot park,135.0,4.5,Below average,3.0,5.4,4.9,5.4,7.1,6.6,6.0,75.38,7.0214923,207.0,7.7,9.5,8.4,9.0,Recent power + Ballpark,True,0.4686111111111111,0.4686111111111111
165,Jase Bowen,San Diego Padres,San Francisco Giants,Anthony Molina,9,Oracle Park,139.0,4.5,Below average,3.3,6.5,6.2,6.5,7.3,6.2,2.0,66.02,15.6585492,280.0,3.6,2.1,9.1,9.2,Ballpark + Pitch-type matchup,True,0.46555555555555556,0.46555555555555556
166,Angel Genao,Cleveland Guardians,Minnesota Twins,Taj Bradley,7,Target Field,113.0,4.5,Below average,5.7,1.5,6.5,1.5,6.1,5.5,4.0,,,,3.6,1.4,8.3,8.4,Pitcher vulnerability + Ballpark,True,0.4615277777777778,0.4615277777777778
167,Sal Stewart,Cincinnati Reds,Milwaukee Brewers,Dustin May,3,American Family Field,88.0,4.4,Below average,4.4,8.6,2.5,8.6,5.0,6.7,8.0,73.22,9.5069763,146.0,3.6,7.1,5.5,8.6,Pitch-type matchup + Lineup context,True,0.461111111111111,0.461111111111111
168,Jake Burger,Texas Rangers,Arizona Diamondbacks,TBD,7,Chase Field,213.0,4.4,Below average,2.6,5.5,5.5,5.5,10.0,5.5,4.0,,,,9.8,8.9,6.2,6.9,Ballpark + Recent power,True,0.4608333333333334,0.4608333333333334
169,Jordan Lawlar,Arizona Diamondbacks,Texas Rangers,TBD,8,Chase Field,213.0,4.4,Below average,5.4,5.5,5.5,5.5,10.0,5.5,3.0,,,,3.6,4.0,1.3,1.5,Ballpark + Pitcher vulnerability,True,0.4594444444444445,0.4594444444444445
170,Austin Hays,San Diego Padres,San Francisco Giants,Anthony Molina,7,Oracle Park,139.0,4.3,Below average,5.0,1.5,6.2,1.5,7.3,6.2,4.0,66.02,15.6585492,280.0,3.6,6.5,9.4,6.4,Ballpark + Pitcher vulnerability,True,0.4579166666666667,0.4579166666666667
171,Jake Mangum,Pittsburgh Pirates,Chicago Cubs,Shota Imanaga,7,Wrigley Field,107.0,4.3,Below average,5.1,2.1,8.5,2.1,5.8,6.7,4.0,74.3,9.5069763,124.0,3.6,2.0,1.5,1.2,Pitcher vulnerability + Weather,True,0.45625,0.45625
172,Trevor Story,Boston Red Sox,Kansas City Royals,Seth Lugo,4,Fenway Park,92.0,4.3,Below average,4.2,1.5,7.2,1.5,5.1,6.6,7.0,71.78,5.2195164,295.0,3.6,9.4,6.2,3.7,Pitcher vulnerability + Lineup context,True,0.45319444444444446,0.45319444444444446
173,Vaughn Grissom,Los Angeles Angels,Washington Nationals,Cade Cavalli,4,Nationals Park,105.0,4.2,Below average,3.5,5.0,6.9,5.0,5.7,6.5,7.0,78.25999999999999,3.728226,73.0,3.6,6.0,3.8,2.3,Lineup context + Pitcher vulnerability,True,0.4526388888888889,0.4526388888888889
174,Kyren Paris,Los Angeles Angels,Washington Nationals,Cade Cavalli,6,Nationals Park,105.0,4.2,Below average,5.3,1.5,6.9,1.5,5.7,6.5,5.0,78.25999999999999,3.728226,73.0,3.6,1.4,5.1,7.7,Pitcher vulnerability + Weather,True,0.4519444444444444,0.4519444444444444
175,Jasson Domínguez,New York Yankees,New York Mets,Nolan McLean,3,Yankee Stadium,117.0,4.2,Below average,4.4,8.4,2.2,8.4,6.3,6.5,8.0,76.28,4.6602825,325.0,3.6,7.6,7.8,4.9,Pitch-type matchup + Lineup context,True,0.45180555555555557,0.45180555555555557
176,Jeremy Peña,Houston Astros,Tampa Bay Rays,Drew Rasmussen,1,Tropicana Field,107.0,4.1,Below average,4.7,8.5,1.9,8.5,5.8,6.5,10.0,81.5,2.8583066,141.0,3.6,8.2,5.7,3.5,Lineup context + Pitch-type matchup,True,0.45138888888888884,0.45138888888888884
177,Michael Harris,Atlanta Braves,Philadelphia Phillies,Aaron Nola,4,Truist Park,100.0,4.1,Below average,3.0,2.3,8.2,2.3,5.5,6.7,7.0,81.14,9.4448392,176.0,3.6,6.3,7.9,3.6,Pitcher vulnerability + Lineup context,True,0.45083333333333336,0.45083333333333336
178,Brett Baty,New York Mets,New York Yankees,Carlos Rodón,8,Yankee Stadium,117.0,4.1,Below average,2.0,8.3,4.2,8.3,6.3,6.5,3.0,76.28,4.6602825,325.0,9.8,9.5,8.1,9.1,Recent power + Pitch-type matchup,True,0.4504166666666667,0.4504166666666667
179,Sam Antonacci,Chicago White Sox,St. Louis Cardinals,Matthew Liberatore,1,Busch Stadium,70.0,4.0,Below average,3.1,4.3,7.9,4.3,4.2,5.5,10.0,,,,3.6,2.8,1.6,5.8,Lineup context + Pitcher vulnerability,True,0.4502777777777778,0.4502777777777778
180,Hunter Feduccia,Los Angeles Dodgers,Miami Marlins,Ryan Gusto,7,loanDepot park,135.0,4.0,Below average,5.8,3.0,4.9,3.0,7.1,6.6,4.0,75.38,7.0214923,207.0,3.6,4.8,4.5,7.0,Ballpark + Weather,True,0.4495833333333333,0.4495833333333333
181,Kyle Isbel,Kansas City Royals,Boston Red Sox,Sonny Gray,8,Fenway Park,92.0,4.0,Below average,7.5,2.7,4.5,2.7,5.1,6.6,3.0,71.78,5.2195164,295.0,3.6,5.4,2.0,3.0,Hitter skill + Weather,True,0.4488888888888889,0.4488888888888889
182,Drew Gilbert,San Francisco Giants,San Diego Padres,Robbie Ray,1,Oracle Park,139.0,3.9,Below average,6.3,2.1,2.9,2.1,7.3,6.2,10.0,66.02,15.6585492,280.0,3.6,9.7,9.1,2.3,Lineup context + Ballpark,True,0.4479166666666667,0.4479166666666667
183,Caleb Durbin,Boston Red Sox,Kansas City Royals,Seth Lugo,6,Fenway Park,92.0,3.9,Below average,3.3,7.0,7.2,7.0,5.1,6.6,5.0,71.78,5.2195164,295.0,3.6,2.6,1.8,1.4,Pitcher vulnerability + Pitch-type matchup,True,0.44749999999999995,0.44749999999999995
184,Sal Frelick,Milwaukee Brewers,Cincinnati Reds,Andrew Abbott,6,American Family Field,88.0,3.9,Below average,6.7,1.5,5.9,1.5,5.0,6.7,5.0,73.22,9.5069763,146.0,3.6,2.7,4.2,1.6,Hitter skill + Weather,True,0.44430555555555556,0.44430555555555556
185,Michael Massey,Kansas City Royals,Boston Red Sox,Sonny Gray,5,Fenway Park,92.0,3.8,Below average,4.8,4.2,4.5,4.2,5.1,6.6,6.0,71.78,5.2195164,295.0,3.6,4.7,8.1,7.8,Weather + Lineup context,True,0.44305555555555554,0.44305555555555554
186,Jake Rogers,Chicago White Sox,St. Louis Cardinals,Matthew Liberatore,9,Busch Stadium,70.0,3.8,Below average,2.8,5.6,7.9,5.6,4.2,5.5,2.0,,,,3.6,6.2,4.3,5.2,Pitcher vulnerability + Pitch-type matchup,True,0.4404166666666667,0.4404166666666667
187,TJ Rumfield,Colorado Rockies,Detroit Tigers,Framber Valdez,4,Comerica Park,100.0,3.8,Below average,5.2,5.6,3.2,5.6,5.5,6.6,7.0,73.94,6.2758471,96.0,7.2,6.7,2.6,3.9,Recent power + Lineup context,True,0.4355555555555556,0.4355555555555556
188,Jose Altuve,Houston Astros,Tampa Bay Rays,Drew Rasmussen,4,Tropicana Field,107.0,3.7,Below average,5.3,8.2,1.9,8.2,5.8,6.5,7.0,81.5,2.8583066,141.0,3.6,2.4,6.8,4.4,Pitch-type matchup + Lineup context,True,0.4338888888888888,0.4338888888888888
189,Brandon Nimmo,Texas Rangers,Arizona Diamondbacks,TBD,4,Chase Field,213.0,3.7,Below average,2.0,5.5,5.5,5.5,10.0,5.5,7.0,,,,3.6,5.1,8.4,8.7,Ballpark + Lineup context,True,0.4325,0.4325
190,Chandler Simpson,Tampa Bay Rays,Houston Astros,Miguel Ullola,5,Tropicana Field,107.0,3.7,Below average,3.6,1.5,9.5,1.5,5.8,6.5,6.0,81.5,2.8583066,141.0,3.6,1.4,1.2,1.7,Pitcher vulnerability + Weather,True,0.43236111111111114,0.43236111111111114
191,Carlos Jorge,Cincinnati Reds,Milwaukee Brewers,Dustin May,1,American Family Field,88.0,3.6,Below average,7.2,1.5,2.5,1.5,5.0,6.7,10.0,73.22,9.5069763,146.0,3.6,9.4,3.2,3.8,Lineup context + Hitter skill,True,0.42722222222222217,0.42722222222222217
192,Anthony Volpe,New York Yankees,New York Mets,Nolan McLean,9,Yankee Stadium,117.0,3.6,Below average,8.7,3.3,2.2,3.3,6.3,6.5,2.0,76.28,4.6602825,325.0,3.6,1.4,3.3,3.5,Hitter skill + Weather,True,0.4263888888888889,0.4263888888888889
193,Carlos Cortes,Athletics,Seattle Mariners,George Kirby,4,Sutter Health Park,100.0,3.6,Below average,3.1,3.1,7.5,3.1,5.5,5.5,7.0,,,,8.6,3.0,3.4,2.7,Recent power + Pitcher vulnerability,True,0.4259722222222222,0.4259722222222222
194,Ha-Seong Kim,Atlanta Braves,Philadelphia Phillies,Aaron Nola,9,Truist Park,100.0,3.5,Below average,4.5,1.5,8.2,1.5,5.5,6.7,2.0,81.14,9.4448392,176.0,3.6,3.0,2.9,3.7,Pitcher vulnerability + Weather,True,0.4255555555555556,0.4255555555555556
195,Oswald Peraza,Los Angeles Angels,Washington Nationals,Cade Cavalli,7,Nationals Park,105.0,3.5,Below average,5.8,1.5,6.9,1.5,5.7,6.5,4.0,78.25999999999999,3.728226,73.0,3.6,1.4,1.5,2.1,Pitcher vulnerability + Weather,True,0.4247222222222223,0.4247222222222223
196,Jacob Young,Washington Nationals,Los Angeles Angels,Yusei Kikuchi,9,Nationals Park,105.0,3.5,Below average,3.1,2.8,8.9,2.8,5.7,6.5,2.0,78.25999999999999,3.728226,73.0,3.6,3.3,2.4,5.0,Pitcher vulnerability + Weather,True,0.4245833333333333,0.4245833333333333
197,Jung Hoo Lee,San Francisco Giants,San Diego Padres,Robbie Ray,5,Oracle Park,139.0,3.4,Weak,6.0,2.8,2.9,2.8,7.3,6.2,6.0,66.02,15.6585492,280.0,3.6,5.7,7.2,7.2,Ballpark + Weather,True,0.42319444444444443,0.42319444444444443
198,John Peck,Detroit Tigers,Colorado Rockies,Mason Adams,9,Comerica Park,100.0,3.4,Weak,2.5,1.5,9.9,1.5,5.5,6.6,2.0,73.94,6.2758471,96.0,3.6,7.2,3.1,3.5,Pitcher vulnerability + Weather,True,0.4230555555555556,0.4230555555555556
199,Samad Taylor,San Diego Padres,San Francisco Giants,Anthony Molina,8,Oracle Park,139.0,3.4,Weak,6.2,1.5,6.2,1.5,7.3,6.2,3.0,66.02,15.6585492,280.0,3.6,3.5,1.1,1.0,Ballpark + Hitter skill,True,0.42277777777777786,0.42277777777777786
200,Jeremiah Jackson,Baltimore Orioles,Toronto Blue Jays,Max Scherzer,7,Rogers Centre,69.0,3.3,Weak,4.0,4.7,5.5,4.7,4.1,5.9,4.0,66.74000000000001,4.7845567,101.0,3.6,8.7,6.5,3.1,Weather + Pitcher vulnerability,True,0.422361111111111,0.422361111111111
201,Wyatt Langford,Texas Rangers,Arizona Diamondbacks,TBD,5,Chase Field,213.0,3.3,Weak,2.0,5.5,5.5,5.5,10.0,5.5,6.0,,,,6.8,1.8,9.2,6.4,Ballpark + Recent power,True,0.4202777777777778,0.4202777777777778
202,Dominic Smith,Atlanta Braves,Philadelphia Phillies,Aaron Nola,6,Truist Park,100.0,3.3,Weak,2.9,3.6,8.2,3.6,5.5,6.7,5.0,81.14,9.4448392,176.0,3.6,2.0,1.1,5.5,Pitcher vulnerability + Weather,True,0.4197222222222222,0.4197222222222222
203,Otto Lopez,Miami Marlins,Los Angeles Dodgers,TBD,4,loanDepot park,135.0,3.2,Weak,2.0,5.5,5.5,5.5,7.1,6.6,7.0,75.38,7.0214923,207.0,3.6,7.5,7.3,6.6,Ballpark + Lineup context,True,0.4191666666666666,0.4191666666666666
204,Rece Hinds,Baltimore Orioles,Toronto Blue Jays,Max Scherzer,6,Rogers Centre,69.0,3.2,Weak,7.0,1.5,5.5,1.5,4.1,5.9,5.0,66.74000000000001,4.7845567,101.0,3.6,1.4,1.4,2.0,Hitter skill + Weather,True,0.4183333333333332,0.4183333333333332
205,George Lombard,New York Yankees,New York Mets,Nolan McLean,6,Yankee Stadium,117.0,3.2,Weak,5.5,6.4,2.2,6.4,6.3,6.5,5.0,76.28,4.6602825,325.0,7.7,3.9,3.6,2.7,Recent power + Weather,True,0.41347222222222224,0.41347222222222224
206,Alec Bohm,Philadelphia Phillies,Atlanta Braves,Chris Sale,5,Truist Park,100.0,3.1,Weak,5.2,5.9,1.2,5.9,5.5,6.7,6.0,81.14,9.4448392,176.0,8.1,7.8,7.6,4.5,Recent power + Weather,True,0.4116666666666667,0.4116666666666667
207,Luis Arraez,Philadelphia Phillies,Atlanta Braves,Chris Sale,4,Truist Park,100.0,3.1,Weak,8.7,2.3,1.2,2.3,5.5,6.7,7.0,81.14,9.4448392,176.0,3.6,3.2,1.4,3.8,Hitter skill + Lineup context,True,0.4072222222222222,0.4072222222222222
208,Austin Riley,Atlanta Braves,Philadelphia Phillies,Aaron Nola,7,Truist Park,100.0,3.1,Weak,2.0,2.4,8.2,2.4,5.5,6.7,4.0,81.14,9.4448392,176.0,8.6,6.3,2.9,4.6,Recent power + Pitcher vulnerability,True,0.4066666666666667,0.4066666666666667
209,Iván Herrera,St. Louis Cardinals,Chicago White Sox,Anthony Kay,2,Busch Stadium,70.0,3.0,Weak,2.5,5.7,5.2,5.7,4.2,5.5,9.0,,,,9.0,3.2,4.1,5.1,Recent power + Lineup context,True,0.40472222222222226,0.40472222222222226
210,James McCann,Arizona Diamondbacks,Texas Rangers,TBD,7,Chase Field,213.0,3.0,Weak,2.0,5.5,5.5,5.5,10.0,5.5,4.0,,,,8.4,5.9,4.4,4.4,Ballpark + Recent power,True,0.40458333333333335,0.40458333333333335
211,Kazuma Okamoto,Toronto Blue Jays,Baltimore Orioles,Chris Bassitt,5,Rogers Centre,69.0,3.0,Weak,1.4,8.3,3.5,8.3,4.1,5.9,6.0,66.74000000000001,4.7845567,101.0,9.3,9.1,7.0,9.1,Recent power + Pitch-type matchup,True,0.40374999999999994,0.40374999999999994
212,Steven Kwan,Cleveland Guardians,Minnesota Twins,Taj Bradley,1,Target Field,113.0,2.9,Weak,4.3,2.2,6.5,2.2,6.1,5.5,10.0,,,,3.6,1.9,1.1,1.1,Lineup context + Pitcher vulnerability,True,0.4015277777777778,0.4015277777777778
213,Brice Turang,Milwaukee Brewers,Cincinnati Reds,Andrew Abbott,2,American Family Field,88.0,2.9,Weak,2.0,7.5,5.9,7.5,5.0,6.7,9.0,73.22,9.5069763,146.0,3.6,1.9,1.8,2.8,Lineup context + Pitch-type matchup,True,0.40152777777777776,0.40152777777777776
214,Brett Bateman,Toronto Blue Jays,Baltimore Orioles,Chris Bassitt,1,Rogers Centre,69.0,2.9,Weak,7.3,1.5,3.5,1.5,4.1,5.9,10.0,66.74000000000001,4.7845567,101.0,3.6,1.4,1.3,2.2,Lineup context + Hitter skill,True,0.4009722222222222,0.4009722222222222
215,Alex Freeland,Los Angeles Dodgers,Miami Marlins,Ryan Gusto,8,loanDepot park,135.0,2.8,Weak,5.7,1.5,4.9,1.5,7.1,6.6,3.0,75.38,7.0214923,207.0,3.6,5.7,2.7,4.3,Ballpark + Weather,True,0.4006944444444445,0.4006944444444445
216,Nick Madrigal,Tampa Bay Rays,Houston Astros,Miguel Ullola,6,Tropicana Field,107.0,2.8,Weak,2.0,1.5,9.5,1.5,5.8,6.5,5.0,81.5,2.8583066,141.0,3.6,1.4,2.6,6.1,Pitcher vulnerability + Weather,True,0.3976388888888889,0.3976388888888889
217,Josh Naylor,Seattle Mariners,Athletics,Jeffrey Springs,6,Sutter Health Park,100.0,2.8,Weak,1.4,4.0,9.2,4.0,5.5,5.5,5.0,,,,3.6,1.4,5.5,1.7,Pitcher vulnerability + Ballpark,True,0.3975,0.3975
218,Trevor Larnach,Minnesota Twins,Cleveland Guardians,Parker Messick,6,Target Field,113.0,2.7,Weak,3.4,3.7,3.9,3.7,6.1,5.5,5.0,,,,8.9,6.0,7.7,8.5,Recent power + Ballpark,True,0.3940277777777778,0.3940277777777778
219,Pedro Ramírez,Chicago Cubs,Pittsburgh Pirates,Wilber Dotel,7,Wrigley Field,107.0,2.7,Weak,4.2,7.7,1.5,7.7,5.8,6.7,4.0,74.3,9.5069763,124.0,8.1,8.1,5.2,3.3,Recent power + Pitch-type matchup,True,0.3934722222222222,0.3934722222222222
220,Juan Brito,Cincinnati Reds,Milwaukee Brewers,Dustin May,6,American Family Field,88.0,2.7,Weak,4.3,7.2,2.5,7.2,5.0,6.7,5.0,73.22,9.5069763,146.0,9.3,5.5,1.2,2.7,Recent power + Pitch-type matchup,True,0.3923611111111111,0.3923611111111111
221,Brock Rodden,Seattle Mariners,Athletics,Jeffrey Springs,9,Sutter Health Park,100.0,2.6,Weak,2.5,1.5,9.2,1.5,5.5,5.5,2.0,,,,3.6,2.0,3.0,7.4,Pitcher vulnerability + Ballpark,True,0.39166666666666666,0.39166666666666666
222,Tommy Edman,Los Angeles Dodgers,Miami Marlins,Ryan Gusto,1,loanDepot park,135.0,2.6,Weak,2.0,4.8,4.9,4.8,7.1,6.6,10.0,75.38,7.0214923,207.0,7.2,2.4,5.2,6.3,Lineup context + Recent power,True,0.39124999999999993,0.39124999999999993
223,Mauricio Dubón,Atlanta Braves,Philadelphia Phillies,Aaron Nola,5,Truist Park,100.0,2.6,Weak,2.0,2.7,8.2,2.7,5.5,6.7,6.0,81.14,9.4448392,176.0,3.6,4.4,5.0,1.8,Pitcher vulnerability + Weather,True,0.39111111111111113,0.39111111111111113
224,Tyler Heineman,Los Angeles Angels,Washington Nationals,Cade Cavalli,9,Nationals Park,105.0,2.5,Poor,5.2,1.5,6.9,1.5,5.7,6.5,2.0,78.25999999999999,3.728226,73.0,3.6,1.4,1.5,1.1,Pitcher vulnerability + Weather,True,0.3894444444444445,0.3894444444444445
225,Kyle Schwarber,Philadelphia Phillies,Atlanta Braves,Chris Sale,1,Truist Park,100.0,2.5,Poor,2.0,8.9,1.2,8.9,5.5,6.7,10.0,81.14,9.4448392,176.0,10.0,7.6,5.0,8.3,Recent power + Lineup context,True,0.38930555555555557,0.38930555555555557
226,Evan Carter,Texas Rangers,Arizona Diamondbacks,TBD,6,Chase Field,213.0,2.5,Poor,2.0,5.5,5.5,5.5,10.0,5.5,5.0,,,,8.4,4.2,2.5,2.8,Ballpark + Recent power,True,0.3884722222222222,0.3884722222222222
227,Jordan Beck,Colorado Rockies,Detroit Tigers,Framber Valdez,8,Comerica Park,100.0,2.4,Poor,7.7,1.5,3.2,1.5,5.5,6.6,3.0,73.94,6.2758471,96.0,3.6,2.6,3.2,1.3,Hitter skill + Weather,True,0.3879166666666667,0.3879166666666667
228,Turner Hill,San Francisco Giants,San Diego Padres,Robbie Ray,2,Oracle Park,139.0,2.4,Poor,5.5,1.5,2.9,1.5,7.3,6.2,9.0,66.02,15.6585492,280.0,3.6,3.6,7.1,5.6,Lineup context + Ballpark,True,0.38569444444444445,0.38569444444444445
229,Cooper Pratt,Milwaukee Brewers,Cincinnati Reds,Andrew Abbott,9,American Family Field,88.0,2.4,Poor,3.8,5.2,5.9,5.2,5.0,6.7,2.0,73.22,9.5069763,146.0,3.6,2.5,2.0,2.1,Weather + Pitcher vulnerability,True,0.3847222222222222,0.3847222222222222
230,Héctor Rodríguez,Cincinnati Reds,Milwaukee Brewers,Dustin May,5,American Family Field,88.0,2.3,Poor,1.4,10.0,2.5,10.0,5.0,6.7,6.0,73.22,9.5069763,146.0,3.6,7.0,7.3,8.6,Pitch-type matchup + Weather,True,0.3804166666666666,0.3804166666666666
231,Nick Loftin,Kansas City Royals,Boston Red Sox,Sonny Gray,6,Fenway Park,92.0,2.3,Poor,4.5,3.9,4.5,3.9,5.1,6.6,5.0,71.78,5.2195164,295.0,3.6,3.2,1.7,4.4,Weather + Ballpark,True,0.3754166666666667,0.3754166666666667
232,Chase Meidroth,Chicago White Sox,St. Louis Cardinals,Matthew Liberatore,7,Busch Stadium,70.0,2.3,Poor,2.7,2.5,7.9,2.5,4.2,5.5,4.0,,,,3.6,2.8,3.0,4.8,Pitcher vulnerability + Weather,True,0.3752777777777778,0.3752777777777778
233,Yordan Alvarez,Houston Astros,Tampa Bay Rays,Drew Rasmussen,2,Tropicana Field,107.0,2.2,Poor,2.0,9.4,1.9,9.4,5.8,6.5,9.0,81.5,2.8583066,141.0,6.3,5.1,6.3,4.0,Pitch-type matchup + Lineup context,True,0.37374999999999997,0.37374999999999997
234,Christian Moore,Los Angeles Angels,Washington Nationals,Cade Cavalli,5,Nationals Park,105.0,2.2,Poor,2.0,1.5,6.9,1.5,5.7,6.5,6.0,78.25999999999999,3.728226,73.0,3.6,3.4,9.3,5.6,Pitcher vulnerability + Weather,True,0.36458333333333337,0.36458333333333337
235,Carson Benge,New York Mets,New York Yankees,Carlos Rodón,4,Yankee Stadium,117.0,2.2,Poor,2.0,7.8,4.2,7.8,6.3,6.5,7.0,76.28,4.6602825,325.0,3.6,3.1,2.5,2.6,Pitch-type matchup + Lineup context,True,0.3613888888888889,0.3613888888888889
236,Austin Wells,New York Yankees,New York Mets,Nolan McLean,8,Yankee Stadium,117.0,2.1,Poor,2.5,9.0,2.2,9.0,6.3,6.5,3.0,76.28,4.6602825,325.0,3.6,5.7,4.8,6.6,Pitch-type matchup + Weather,True,0.35736111111111113,0.35736111111111113
237,José Fermín,St. Louis Cardinals,Chicago White Sox,Anthony Kay,9,Busch Stadium,70.0,2.1,Poor,3.9,2.9,5.2,2.9,4.2,5.5,2.0,,,,3.6,3.1,5.4,6.7,Weather + Pitcher vulnerability,True,0.355,0.355
238,Nasim Nuñez,Washington Nationals,Los Angeles Angels,Yusei Kikuchi,8,Nationals Park,105.0,2.1,Poor,1.1,2.1,8.9,2.1,5.7,6.5,3.0,78.25999999999999,3.728226,73.0,3.6,5.3,2.6,3.0,Pitcher vulnerability + Weather,True,0.3526388888888889,0.3526388888888889
239,Charles McAdoo,Toronto Blue Jays,Baltimore Orioles,Chris Bassitt,2,Rogers Centre,69.0,2.0,Poor,2.0,8.6,3.5,8.6,4.1,5.9,9.0,66.74000000000001,4.7845567,101.0,3.6,3.8,1.9,2.5,Lineup context + Pitch-type matchup,True,0.3508333333333333,0.3508333333333333
240,Garrett Mitchell,Milwaukee Brewers,Cincinnati Reds,Andrew Abbott,8,American Family Field,88.0,2.0,Poor,2.0,4.5,5.9,4.5,5.0,6.7,3.0,73.22,9.5069763,146.0,3.6,3.3,5.2,5.5,Weather + Pitcher vulnerability,True,0.34944444444444445,0.34944444444444445
241,Ernie Clement,Toronto Blue Jays,Baltimore Orioles,Chris Bassitt,7,Rogers Centre,69.0,2.0,Poor,6.1,2.9,3.5,2.9,4.1,5.9,4.0,66.74000000000001,4.7845567,101.0,3.6,1.4,1.3,1.2,Hitter skill + Weather,True,0.3468055555555555,0.3468055555555555
242,Isaac Collins,Kansas City Royals,Boston Red Sox,Sonny Gray,9,Fenway Park,92.0,1.9,Poor,4.6,2.3,4.5,2.3,5.1,6.6,2.0,71.78,5.2195164,295.0,3.6,3.0,2.1,6.2,Weather + Ballpark,True,0.34374999999999994,0.34374999999999994
243,Michael Busch,Chicago Cubs,Pittsburgh Pirates,Wilber Dotel,3,Wrigley Field,107.0,1.9,Poor,2.0,6.7,1.5,6.7,5.8,6.7,8.0,74.3,9.5069763,124.0,8.1,4.5,8.8,7.6,Recent power + Lineup context,True,0.3436111111111111,0.3436111111111111
244,Andrés Giménez,Toronto Blue Jays,Baltimore Orioles,Chris Bassitt,6,Rogers Centre,69.0,1.9,Poor,3.4,4.7,3.5,4.7,4.1,5.9,5.0,66.74000000000001,4.7845567,101.0,7.7,4.6,5.3,1.9,Recent power + Weather,True,0.34236111111111106,0.34236111111111106
245,John Rave,Kansas City Royals,Boston Red Sox,Sonny Gray,7,Fenway Park,92.0,1.8,Poor,1.4,7.0,4.5,7.0,5.1,6.6,4.0,71.78,5.2195164,295.0,9.5,3.6,2.1,3.3,Recent power + Pitch-type matchup,True,0.34152777777777776,0.34152777777777776
246,Christian Koss,San Francisco Giants,San Diego Padres,Robbie Ray,9,Oracle Park,139.0,1.8,Poor,2.8,5.8,2.9,5.8,7.3,6.2,2.0,66.02,15.6585492,280.0,9.9,4.8,4.5,1.3,Recent power + Ballpark,True,0.3309722222222222,0.3309722222222222
247,Carlos Narváez,Baltimore Orioles,Toronto Blue Jays,Max Scherzer,9,Rogers Centre,69.0,1.8,Poor,4.1,1.5,5.5,1.5,4.1,5.9,2.0,66.74000000000001,4.7845567,101.0,3.6,4.1,3.5,3.4,Weather + Pitcher vulnerability,True,0.33083333333333326,0.33083333333333326
248,Carson Kelly,Chicago Cubs,Pittsburgh Pirates,Wilber Dotel,9,Wrigley Field,107.0,1.7,Poor,3.5,7.6,1.5,7.6,5.8,6.7,2.0,74.3,9.5069763,124.0,3.6,5.2,6.4,2.9,Pitch-type matchup + Weather,True,0.32986111111111105,0.32986111111111105
249,Brandon Marsh,Philadelphia Phillies,Atlanta Braves,Chris Sale,7,Truist Park,100.0,1.7,Poor,2.0,8.4,1.2,8.4,5.5,6.7,4.0,81.14,9.4448392,176.0,3.6,9.6,7.9,5.4,Pitch-type matchup + Weather,True,0.3293055555555556,0.3293055555555556
250,Ezequiel Tovar,Colorado Rockies,Detroit Tigers,Framber Valdez,9,Comerica Park,100.0,1.7,Poor,3.8,2.9,3.2,2.9,5.5,6.6,2.0,73.94,6.2758471,96.0,3.6,9.7,6.7,3.1,Weather + Ballpark,True,0.3273611111111111,0.3273611111111111
251,Brandon Valenzuela,Toronto Blue Jays,Baltimore Orioles,Chris Bassitt,8,Rogers Centre,69.0,1.6,Poor,3.6,4.1,3.5,4.1,4.1,5.9,3.0,66.74000000000001,4.7845567,101.0,3.6,3.6,5.8,6.0,Weather + Pitch-type matchup,True,0.3258333333333333,0.3258333333333333
252,Thomas Saggese,St. Louis Cardinals,Chicago White Sox,Anthony Kay,7,Busch Stadium,70.0,1.6,Poor,1.4,4.7,5.2,4.7,4.2,5.5,4.0,,,,3.6,6.1,4.0,7.6,Weather + Pitcher vulnerability,True,0.32319444444444445,0.32319444444444445
253,Nicky Lopez,Texas Rangers,Arizona Diamondbacks,TBD,8,Chase Field,213.0,1.6,Poor,1.4,5.5,5.5,5.5,10.0,5.5,3.0,,,,3.6,1.4,2.2,1.2,Ballpark + Pitcher vulnerability,True,0.3177777777777778,0.3177777777777778
254,Connor Norby,Colorado Rockies,Detroit Tigers,Framber Valdez,2,Comerica Park,100.0,1.5,Poor,1.1,2.0,3.2,2.0,5.5,6.6,9.0,73.94,6.2758471,96.0,8.8,9.7,9.3,4.7,Lineup context + Recent power,True,0.30041666666666667,0.30041666666666667
255,JJ Bleday,Cincinnati Reds,Milwaukee Brewers,Dustin May,4,American Family Field,88.0,1.5,Poor,1.4,6.4,2.5,6.4,5.0,6.7,7.0,73.22,9.5069763,146.0,3.6,7.9,3.9,4.0,Lineup context + Weather,True,0.29638888888888887,0.29638888888888887
256,TJ Friedl,Cincinnati Reds,Milwaukee Brewers,Dustin May,8,American Family Field,88.0,1.5,Poor,2.0,3.6,2.5,3.6,5.0,6.7,3.0,73.22,9.5069763,146.0,9.5,4.2,6.2,4.9,Recent power + Weather,True,0.27,0.27
257,Jonah Cox,San Francisco Giants,San Diego Padres,Robbie Ray,4,Oracle Park,139.0,1.4,Avoid,1.4,4.6,2.9,4.6,7.3,6.2,7.0,66.02,15.6585492,280.0,3.6,5.6,3.8,1.5,Ballpark + Lineup context,True,0.26708333333333334,0.26708333333333334
258,Nico Hoerner,Chicago Cubs,Pittsburgh Pirates,Wilber Dotel,6,Wrigley Field,107.0,1.4,Avoid,3.7,2.6,1.5,2.6,5.8,6.7,5.0,74.3,9.5069763,124.0,3.6,4.2,5.1,4.3,Weather + Ballpark,True,0.26611111111111113,0.26611111111111113
259,Christian Vázquez,Houston Astros,Tampa Bay Rays,Drew Rasmussen,9,Tropicana Field,107.0,1.4,Avoid,2.0,7.9,1.9,7.9,5.8,6.5,2.0,81.5,2.8583066,141.0,3.6,4.6,1.6,1.4,Pitch-type matchup + Weather,True,0.2661111111111111,0.2661111111111111
260,Ian Happ,Chicago Cubs,Pittsburgh Pirates,Wilber Dotel,5,Wrigley Field,107.0,1.3,Avoid,1.4,6.3,1.5,6.3,5.8,6.7,6.0,74.3,9.5069763,124.0,3.6,6.6,2.7,4.9,Weather + Pitch-type matchup,True,0.25916666666666666,0.25916666666666666
261,Victor Caratini,Minnesota Twins,Cleveland Guardians,Parker Messick,8,Target Field,113.0,1.3,Avoid,1.1,3.4,3.9,3.4,6.1,5.5,3.0,,,,3.6,3.0,5.7,6.2,Ballpark + Weather,True,0.24874999999999997,0.24874999999999997
262,Bryson Stott,Philadelphia Phillies,Atlanta Braves,Chris Sale,6,Truist Park,100.0,1.3,Avoid,2.7,3.9,1.2,3.9,5.5,6.7,5.0,81.14,9.4448392,176.0,3.6,5.2,2.3,6.8,Weather + Ballpark,True,0.2473611111111111,0.2473611111111111
263,Grant McCray,San Francisco Giants,San Diego Padres,Robbie Ray,8,Oracle Park,139.0,1.2,Avoid,2.0,2.6,2.9,2.6,7.3,6.2,3.0,66.02,15.6585492,280.0,8.5,6.4,1.6,1.4,Recent power + Ballpark,True,0.24569444444444447,0.24569444444444447
264,Cole Carrigg,Colorado Rockies,Detroit Tigers,Framber Valdez,5,Comerica Park,100.0,1.2,Avoid,1.4,2.5,3.2,2.5,5.5,6.6,6.0,73.94,6.2758471,96.0,7.2,5.3,2.4,2.4,Recent power + Weather,True,0.23875,0.23875
265,Will Banfield,Cincinnati Reds,Milwaukee Brewers,Dustin May,7,American Family Field,88.0,1.2,Avoid,3.3,1.5,2.5,1.5,5.0,6.7,4.0,73.22,9.5069763,146.0,3.6,1.4,6.7,1.3,Weather + Ballpark,True,0.23472222222222222,0.23472222222222222
266,Myles Straw,Toronto Blue Jays,Baltimore Orioles,Chris Bassitt,9,Rogers Centre,69.0,1.1,Avoid,3.2,1.5,3.5,1.5,4.1,5.9,2.0,66.74000000000001,4.7845567,101.0,3.6,2.6,2.2,1.5,Weather + Ballpark,True,0.22569444444444448,0.22569444444444448
267,Justin Crawford,Philadelphia Phillies,Atlanta Braves,Chris Sale,8,Truist Park,100.0,1.1,Avoid,2.9,1.5,1.2,1.5,5.5,6.7,3.0,81.14,9.4448392,176.0,3.6,1.4,9.0,6.1,Weather + Ballpark,True,0.2120833333333333,0.2120833333333333
268,Walker Jenkins,Minnesota Twins,Cleveland Guardians,Parker Messick,9,Target Field,113.0,1.1,Avoid,1.4,1.5,3.9,1.5,6.1,5.5,2.0,,,,3.6,3.7,4.7,3.9,Ballpark + Weather,True,0.21069444444444446,0.21069444444444446
269,Rafael Marchán,Philadelphia Phillies,Atlanta Braves,Chris Sale,9,Truist Park,100.0,1.0,Avoid,2.0,6.1,1.2,6.1,5.5,6.7,2.0,81.14,9.4448392,176.0,3.6,3.3,1.2,1.1,Weather + Pitch-type matchup,True,0.20777777777777778,0.20777777777777778
270,Drew Cavanaugh,San Francisco Giants,San Diego Padres,Robbie Ray,7,Oracle Park,139.0,1.0,Avoid,1.1,1.5,2.9,1.5,7.3,6.2,4.0,66.02,15.6585492,280.0,3.6,4.2,5.0,1.9,Ballpark + Weather,True,0.18958333333333333,0.18958333333333333
