target_date,generated_at_utc,history_through,board_mode,weather_source,batter,game_pk,opposing_pitcher_id,model_rank,batter_name,team,opponent,opposing_pitcher,lineup_slot,venue,park_hr_factor,hr_rating,rating,baseline_rating,matchup_rating,pitcher_vulnerability_rating,pitch_matchup_edge_rating,park_rating,weather_rating,lineup_context_rating,weather_temperature_f,weather_wind_mph,weather_wind_direction_deg,recent_power_rating,barrel_rating,contact_quality_rating,exit_velocity_rating,key_factors,expected_lineup
2026-09-12,2026-09-12T05:56:49.149939+00:00,2026-09-10,projected_or_reconstructed,forecast_or_neutral,606466,825035,677958.0,1,Ketel Marte,Arizona Diamondbacks,Texas Rangers,Kumar Rocker,2,Chase Field,213.0,10.0,Elite,9.8,8.7,9.2,8.7,10.0,4.8,9.0,103.64,5.4059276999999994,240.0,5.8,4.5,7.2,9.1,Ballpark + Hitter skill,True
2026-09-12,2026-09-12T05:56:49.149939+00:00,2026-09-10,projected_or_reconstructed,forecast_or_neutral,641355,823496,804267.0,2,Cody Bellinger,New York Yankees,New York Mets,Zac Thornton,2,Yankee Stadium,117.0,10.0,Elite,10.0,7.2,8.6,7.2,6.3,6.7,9.0,80.24000000000001,10.1283473,162.0,6.8,6.6,8.2,7.9,Hitter skill + Lineup context,True
2026-09-12,2026-09-12T05:56:49.149939+00:00,2026-09-10,projected_or_reconstructed,forecast_or_neutral,700250,823496,804267.0,3,Ben Rice,New York Yankees,New York Mets,Zac Thornton,1,Yankee Stadium,117.0,9.9,Elite,9.5,9.2,8.6,9.2,6.3,6.7,10.0,80.24000000000001,10.1283473,162.0,3.4,7.8,6.1,8.6,Lineup context + Hitter skill,True
2026-09-12,2026-09-12T05:56:49.149939+00:00,2026-09-10,projected_or_reconstructed,forecast_or_neutral,805808,824224,685299.0,4,Kevin McGonigle,Detroit Tigers,Colorado Rockies,Tanner Gordon,1,Comerica Park,100.0,9.9,Elite,9.9,6.5,9.5,6.5,5.5,6.7,10.0,80.6,8.7613311,220.0,9.0,7.1,4.3,4.9,Lineup context + Hitter skill,True
2026-09-12,2026-09-12T05:56:49.149939+00:00,2026-09-10,projected_or_reconstructed,forecast_or_neutral,682998,825035,677958.0,5,Corbin Carroll,Arizona Diamondbacks,Texas Rangers,Kumar Rocker,5,Chase Field,213.0,9.9,Elite,9.7,8.0,9.2,8.0,10.0,4.8,6.0,103.64,5.4059276999999994,240.0,3.4,8.2,7.3,9.4,Ballpark + Hitter skill,True
2026-09-12,2026-09-12T05:56:49.149939+00:00,2026-09-10,projected_or_reconstructed,forecast_or_neutral,596019,823496,543037.0,6,Francisco Lindor,New York Mets,New York Yankees,Gerrit Cole,1,Yankee Stadium,117.0,9.8,Elite,8.8,7.3,8.2,7.3,6.3,6.7,10.0,80.24000000000001,10.1283473,162.0,8.6,6.1,7.5,9.2,Lineup context + Hitter skill,True
2026-09-12,2026-09-12T05:56:49.149939+00:00,2026-09-10,projected_or_reconstructed,forecast_or_neutral,646240,823170,650633.0,7,Rafael Devers,San Francisco Giants,San Diego Padres,Michael King,2,Oracle Park,139.0,9.8,Elite,9.9,6.8,7.3,6.8,7.3,6.2,9.0,67.64,18.9518155,287.0,9.7,9.6,7.4,9.8,Hitter skill + Recent power,True
2026-09-12,2026-09-12T05:56:49.149939+00:00,2026-09-10,projected_or_reconstructed,forecast_or_neutral,671277,823496,804267.0,8,Luis García Jr.,New York Yankees,New York Mets,Zac Thornton,4,Yankee Stadium,117.0,9.8,Elite,7.5,9.9,8.6,9.9,6.3,6.7,7.0,80.24000000000001,10.1283473,162.0,9.6,9.2,8.2,7.2,Pitch-type matchup + Recent power,True
2026-09-12,2026-09-12T05:56:49.149939+00:00,2026-09-10,projected_or_reconstructed,forecast_or_neutral,605141,823819,663969.0,9,Mookie Betts,Los Angeles Dodgers,Miami Marlins,Tyler Phillips,3,loanDepot park,135.0,9.7,Elite,9.4,5.2,8.9,5.2,7.1,6.6,8.0,84.56,8.077823,93.0,9.0,6.4,5.0,6.6,Hitter skill + Recent power,True
2026-09-12,2026-09-12T05:56:49.149939+00:00,2026-09-10,projected_or_reconstructed,forecast_or_neutral,668901,823496,543037.0,10,Mark Vientos,New York Mets,New York Yankees,Gerrit Cole,4,Yankee Stadium,117.0,9.7,Elite,7.7,9.8,8.2,9.8,6.3,6.7,7.0,80.24000000000001,10.1283473,162.0,9.0,5.7,7.2,8.1,Pitch-type matchup + Recent power,True
2026-09-12,2026-09-12T05:56:49.149939+00:00,2026-09-10,projected_or_reconstructed,forecast_or_neutral,670623,822927,693855.0,11,Isaac Paredes,Houston Astros,Tampa Bay Rays,Ian Seymour,3,Tropicana Field,107.0,9.7,Elite,9.3,6.3,9.9,6.3,5.8,5.8,8.0,86.53999999999999,2.485484,333.0,6.4,2.1,2.6,6.2,Pitcher vulnerability + Hitter skill,True
2026-09-12,2026-09-12T05:56:49.149939+00:00,2026-09-10,projected_or_reconstructed,forecast_or_neutral,800050,823657,687570.0,12,Chase DeLauter,Cleveland Guardians,Minnesota Twins,Connor Prielipp,2,Target Field,113.0,9.6,Elite,10.0,5.9,7.0,5.9,6.1,6.8,9.0,73.94,12.924516800000001,307.0,7.2,5.9,9.7,9.4,Hitter skill + Lineup context,True
2026-09-12,2026-09-12T05:56:49.149939+00:00,2026-09-10,projected_or_reconstructed,forecast_or_neutral,665487,823170,702885.0,13,Fernando Tatis Jr.,San Diego Padres,San Francisco Giants,Cesar Perdomo,1,Oracle Park,139.0,9.6,Elite,9.1,9.5,6.0,9.5,7.3,6.2,10.0,67.64,18.9518155,287.0,6.8,9.7,9.7,9.7,Lineup context + Pitch-type matchup,True
2026-09-12,2026-09-12T05:56:49.149939+00:00,2026-09-10,projected_or_reconstructed,forecast_or_neutral,682987,823496,804267.0,14,Spencer Jones,New York Yankees,New York Mets,Zac Thornton,5,Yankee Stadium,117.0,9.6,Elite,7.8,9.8,8.6,9.8,6.3,6.7,6.0,80.24000000000001,10.1283473,162.0,3.4,8.6,6.0,9.0,Pitch-type matchup + Pitcher vulnerability,True
2026-09-12,2026-09-12T05:56:49.149939+00:00,2026-09-10,projected_or_reconstructed,forecast_or_neutral,682985,824224,685299.0,15,Riley Greene,Detroit Tigers,Colorado Rockies,Tanner Gordon,4,Comerica Park,100.0,9.5,Elite,7.6,8.5,9.5,8.5,5.5,6.7,7.0,80.6,8.7613311,220.0,9.7,7.7,1.8,2.1,Recent power + Pitcher vulnerability,True
2026-09-12,2026-09-12T05:56:49.149939+00:00,2026-09-10,projected_or_reconstructed,forecast_or_neutral,701538,823170,702885.0,16,Jackson Merrill,San Diego Padres,San Francisco Giants,Cesar Perdomo,5,Oracle Park,139.0,9.5,Elite,9.6,7.9,6.0,7.9,7.3,6.2,6.0,67.64,18.9518155,287.0,9.3,9.9,9.4,9.5,Hitter skill + Recent power,True
2026-09-12,2026-09-12T05:56:49.149939+00:00,2026-09-10,projected_or_reconstructed,forecast_or_neutral,686797,823657,682982.0,17,Brooks Lee,Minnesota Twins,Cleveland Guardians,Daniel Espino,7,Target Field,113.0,9.5,Elite,9.7,9.5,5.4,9.5,6.1,6.8,4.0,73.94,12.924516800000001,307.0,7.2,8.4,9.6,8.1,Hitter skill + Pitch-type matchup,True
2026-09-12,2026-09-12T05:56:49.149939+00:00,2026-09-10,projected_or_reconstructed,forecast_or_neutral,691718,824630,694973.0,18,Pete Crow-Armstrong,Chicago Cubs,Pittsburgh Pirates,Paul Skenes,1,Wrigley Field,107.0,9.4,Excellent,9.8,9.6,5.0,9.6,5.8,6.0,10.0,86.18,9.1962908,241.0,8.9,9.0,8.7,9.0,Lineup context + Hitter skill,True
2026-09-12,2026-09-12T05:56:49.149939+00:00,2026-09-10,projected_or_reconstructed,forecast_or_neutral,691406,822927,663567.0,19,Junior Caminero,Tampa Bay Rays,Houston Astros,Peter Lambert,3,Tropicana Field,107.0,9.4,Excellent,9.5,8.7,6.6,8.7,5.8,5.8,8.0,86.53999999999999,2.485484,333.0,8.7,8.7,9.2,9.9,Hitter skill + Pitch-type matchup,True
2026-09-12,2026-09-12T05:56:49.149939+00:00,2026-09-10,projected_or_reconstructed,forecast_or_neutral,571448,825035,677958.0,20,Nolan Arenado,Arizona Diamondbacks,Texas Rangers,Kumar Rocker,6,Chase Field,213.0,9.4,Excellent,7.1,8.1,9.2,8.1,10.0,4.8,5.0,103.64,5.4059276999999994,240.0,9.0,3.7,8.0,7.3,Ballpark + Pitcher vulnerability,True
2026-09-12,2026-09-12T05:56:49.149939+00:00,2026-09-10,projected_or_reconstructed,forecast_or_neutral,665161,822927,693855.0,21,Jeremy Peña,Houston Astros,Tampa Bay Rays,Ian Seymour,2,Tropicana Field,107.0,9.3,Excellent,8.1,7.2,9.9,7.2,5.8,5.8,9.0,86.53999999999999,2.485484,333.0,3.4,9.1,7.4,6.5,Pitcher vulnerability + Lineup context,True
2026-09-12,2026-09-12T05:56:49.149939+00:00,2026-09-10,projected_or_reconstructed,forecast_or_neutral,665742,823496,543037.0,22,Juan Soto,New York Mets,New York Yankees,Gerrit Cole,2,Yankee Stadium,117.0,9.3,Excellent,9.1,3.4,8.2,3.4,6.3,6.7,9.0,80.24000000000001,10.1283473,162.0,5.8,8.1,7.9,9.5,Hitter skill + Lineup context,True
2026-09-12,2026-09-12T05:56:49.149939+00:00,2026-09-10,projected_or_reconstructed,forecast_or_neutral,666182,823496,543037.0,23,Bo Bichette,New York Mets,New York Yankees,Gerrit Cole,3,Yankee Stadium,117.0,9.3,Excellent,7.4,7.8,8.2,7.8,6.3,6.7,8.0,80.24000000000001,10.1283473,162.0,5.8,8.0,7.7,6.8,Pitcher vulnerability + Lineup context,True
2026-09-12,2026-09-12T05:56:49.149939+00:00,2026-09-10,projected_or_reconstructed,forecast_or_neutral,662139,822927,693855.0,24,Daulton Varsho,Houston Astros,Tampa Bay Rays,Ian Seymour,4,Tropicana Field,107.0,9.2,Excellent,7.7,6.8,9.9,6.8,5.8,5.8,7.0,86.53999999999999,2.485484,333.0,6.8,7.5,4.5,2.7,Pitcher vulnerability + Hitter skill,True
2026-09-12,2026-09-12T05:56:49.149939+00:00,2026-09-10,projected_or_reconstructed,forecast_or_neutral,608369,825035,694297.0,25,Corey Seager,Texas Rangers,Arizona Diamondbacks,Brandon Pfaadt,2,Chase Field,213.0,9.2,Excellent,9.2,8.5,4.4,8.5,10.0,4.8,9.0,103.64,5.4059276999999994,240.0,9.6,9.4,9.0,8.7,Ballpark + Recent power,True
2026-09-12,2026-09-12T05:56:49.149939+00:00,2026-09-10,projected_or_reconstructed,forecast_or_neutral,641343,823737,663903.0,26,Jake Bauers,Milwaukee Brewers,Cincinnati Reds,Brady Singer,5,American Family Field,88.0,9.2,Excellent,9.3,9.0,6.3,9.0,5.0,6.7,6.0,82.4,9.8797989,288.0,8.3,4.2,1.9,3.4,Hitter skill + Pitch-type matchup,True
2026-09-12,2026-09-12T05:56:49.149939+00:00,2026-09-10,projected_or_reconstructed,forecast_or_neutral,605137,823657,682982.0,27,Josh Bell,Minnesota Twins,Cleveland Guardians,Daniel Espino,4,Target Field,113.0,9.1,Excellent,8.7,8.5,5.4,8.5,6.1,6.8,7.0,73.94,12.924516800000001,307.0,7.2,6.4,7.9,7.8,Hitter skill + Pitch-type matchup,True
2026-09-12,2026-09-12T05:56:49.149939+00:00,2026-09-10,projected_or_reconstructed,forecast_or_neutral,805811,823170,650633.0,28,Bryce Eldridge,San Francisco Giants,San Diego Padres,Michael King,3,Oracle Park,139.0,9.1,Excellent,8.4,6.4,7.3,6.4,7.3,6.2,8.0,67.64,18.9518155,287.0,6.8,4.3,7.8,9.1,Hitter skill + Lineup context,True
2026-09-12,2026-09-12T05:56:49.149939+00:00,2026-09-10,projected_or_reconstructed,forecast_or_neutral,682626,823496,543037.0,29,Francisco Alvarez,New York Mets,New York Yankees,Gerrit Cole,9,Yankee Stadium,117.0,9.1,Excellent,7.4,7.4,8.2,7.4,6.3,6.7,2.0,80.24000000000001,10.1283473,162.0,9.2,5.5,2.8,7.7,Recent power + Pitcher vulnerability,True
2026-09-12,2026-09-12T05:56:49.149939+00:00,2026-09-10,projected_or_reconstructed,forecast_or_neutral,656941,824870,641816.0,30,Kyle Schwarber,Philadelphia Phillies,Atlanta Braves,Tyler Mahle,1,Truist Park,100.0,9.0,Excellent,9.8,9.4,4.1,9.4,5.5,6.5,10.0,78.98,3.4175405,157.0,9.7,7.9,5.0,8.2,Lineup context + Hitter skill,True
2026-09-12,2026-09-12T05:56:49.149939+00:00,2026-09-10,projected_or_reconstructed,forecast_or_neutral,694192,823737,663903.0,31,Jackson Chourio,Milwaukee Brewers,Cincinnati Reds,Brady Singer,1,American Family Field,88.0,9.0,Excellent,9.2,7.3,6.3,7.3,5.0,6.7,10.0,82.4,9.8797989,288.0,8.7,8.7,8.7,8.5,Lineup context + Hitter skill,True
2026-09-12,2026-09-12T05:56:49.149939+00:00,2026-09-10,projected_or_reconstructed,forecast_or_neutral,683748,822927,663567.0,32,Victor Mesa Jr.,Tampa Bay Rays,Houston Astros,Peter Lambert,5,Tropicana Field,107.0,9.0,Excellent,8.2,9.4,6.6,9.4,5.8,5.8,6.0,86.53999999999999,2.485484,333.0,9.5,9.4,8.3,6.2,Recent power + Pitch-type matchup,True
2026-09-12,2026-09-12T05:56:49.149939+00:00,2026-09-10,projected_or_reconstructed,forecast_or_neutral,661388,823737,663903.0,33,William Contreras,Milwaukee Brewers,Cincinnati Reds,Brady Singer,3,American Family Field,88.0,8.9,Excellent,8.9,8.2,6.3,8.2,5.0,6.7,8.0,82.4,9.8797989,288.0,8.9,7.1,8.7,8.7,Hitter skill + Recent power,True
2026-09-12,2026-09-12T05:56:49.149939+00:00,2026-09-10,projected_or_reconstructed,forecast_or_neutral,592518,823170,702885.0,34,Manny Machado,San Diego Padres,San Francisco Giants,Cesar Perdomo,3,Oracle Park,139.0,8.9,Excellent,7.3,9.1,6.0,9.1,7.3,6.2,8.0,67.64,18.9518155,287.0,9.2,6.3,6.3,4.0,Recent power + Pitch-type matchup,True
2026-09-12,2026-09-12T05:56:49.149939+00:00,2026-09-10,projected_or_reconstructed,forecast_or_neutral,606192,823819,663969.0,35,Teoscar Hernández,Los Angeles Dodgers,Miami Marlins,Tyler Phillips,6,loanDepot park,135.0,8.9,Excellent,8.3,2.7,8.9,2.7,7.1,6.6,5.0,84.56,8.077823,93.0,7.6,9.6,5.8,7.7,Pitcher vulnerability + Hitter skill,True
2026-09-12,2026-09-12T05:56:49.149939+00:00,2026-09-10,projected_or_reconstructed,forecast_or_neutral,672960,822768,680694.0,36,Kazuma Okamoto,Toronto Blue Jays,Baltimore Orioles,Kyle Bradish,6,Rogers Centre,69.0,8.8,Excellent,9.0,7.8,7.6,7.8,4.1,6.6,5.0,77.54,6.027298699999999,135.0,9.2,9.8,6.2,7.6,Recent power + Hitter skill,True
2026-09-12,2026-09-12T05:56:49.149939+00:00,2026-09-10,projected_or_reconstructed,forecast_or_neutral,608070,823657,687570.0,37,José Ramírez,Cleveland Guardians,Minnesota Twins,Connor Prielipp,3,Target Field,113.0,8.8,Excellent,8.6,5.2,7.0,5.2,6.1,6.8,8.0,73.94,12.924516800000001,307.0,3.4,1.3,4.7,6.2,Hitter skill + Lineup context,True
2026-09-12,2026-09-12T05:56:49.149939+00:00,2026-09-10,projected_or_reconstructed,forecast_or_neutral,682829,823737,,38,Elly De La Cruz,Cincinnati Reds,Milwaukee Brewers,TBD,2,American Family Field,88.0,8.8,Excellent,9.9,5.5,5.5,5.5,5.0,6.7,9.0,82.4,9.8797989,288.0,10.0,9.9,8.5,9.9,Recent power + Hitter skill,True
2026-09-12,2026-09-12T05:56:49.149939+00:00,2026-09-10,projected_or_reconstructed,forecast_or_neutral,669394,825035,694297.0,39,Jake Burger,Texas Rangers,Arizona Diamondbacks,Brandon Pfaadt,7,Chase Field,213.0,8.7,Excellent,9.6,7.0,4.4,7.0,10.0,4.8,4.0,103.64,5.4059276999999994,240.0,9.7,9.8,6.8,8.0,Ballpark + Recent power,True
2026-09-12,2026-09-12T05:56:49.149939+00:00,2026-09-10,projected_or_reconstructed,forecast_or_neutral,691777,824955,693433.0,40,Max Muncy,Athletics,Seattle Mariners,Bryan Woo,5,Sutter Health Park,100.0,8.7,Excellent,6.4,8.4,7.9,8.4,5.5,6.8,6.0,84.02,15.3478637,233.0,9.5,7.2,6.4,5.9,Recent power + Pitch-type matchup,True
2026-09-12,2026-09-12T05:56:49.149939+00:00,2026-09-10,projected_or_reconstructed,forecast_or_neutral,665019,823657,682982.0,41,Kody Clemens,Minnesota Twins,Cleveland Guardians,Daniel Espino,5,Target Field,113.0,8.7,Excellent,7.1,9.3,5.4,9.3,6.1,6.8,6.0,73.94,12.924516800000001,307.0,9.3,9.6,9.7,9.2,Pitch-type matchup + Recent power,True
2026-09-12,2026-09-12T05:56:49.149939+00:00,2026-09-10,projected_or_reconstructed,forecast_or_neutral,804668,824630,605280.0,42,Rafael Flores Jr.,Pittsburgh Pirates,Chicago Cubs,Clay Holmes,4,Wrigley Field,107.0,8.6,Excellent,9.6,8.9,3.8,8.9,5.8,6.0,7.0,86.18,9.1962908,241.0,6.8,9.0,8.4,8.4,Hitter skill + Pitch-type matchup,True
2026-09-12,2026-09-12T05:56:49.149939+00:00,2026-09-10,projected_or_reconstructed,forecast_or_neutral,666018,822927,663567.0,43,Jonathan Aranda,Tampa Bay Rays,Houston Astros,Peter Lambert,2,Tropicana Field,107.0,8.6,Excellent,8.2,6.6,6.6,6.6,5.8,5.8,9.0,86.53999999999999,2.485484,333.0,6.8,4.3,6.2,6.4,Lineup context + Hitter skill,True
2026-09-12,2026-09-12T05:56:49.149939+00:00,2026-09-10,projected_or_reconstructed,forecast_or_neutral,650490,822927,663567.0,44,Yandy Díaz,Tampa Bay Rays,Houston Astros,Peter Lambert,1,Tropicana Field,107.0,8.6,Excellent,8.5,5.7,6.6,5.7,5.8,5.8,10.0,86.53999999999999,2.485484,333.0,5.9,8.0,9.1,8.4,Lineup context + Hitter skill,True
2026-09-12,2026-09-12T05:56:49.149939+00:00,2026-09-10,projected_or_reconstructed,forecast_or_neutral,592450,823496,804267.0,45,Aaron Judge,New York Yankees,New York Mets,Zac Thornton,3,Yankee Stadium,117.0,8.5,Strong,8.3,1.4,8.6,1.4,6.3,6.7,8.0,80.24000000000001,10.1283473,162.0,3.4,1.3,3.4,5.4,Pitcher vulnerability + Hitter skill,True
2026-09-12,2026-09-12T05:56:49.149939+00:00,2026-09-10,projected_or_reconstructed,forecast_or_neutral,681508,824712,677976.0,46,Mickey Gasper,Boston Red Sox,Kansas City Royals,Randy Dobnak,2,Fenway Park,92.0,8.5,Strong,8.9,8.6,4.7,8.6,5.1,6.7,9.0,73.75999999999999,9.6312505,77.0,6.4,7.7,4.7,8.2,Lineup context + Hitter skill,True
2026-09-12,2026-09-12T05:56:49.149939+00:00,2026-09-10,projected_or_reconstructed,forecast_or_neutral,665489,822768,680694.0,47,Vladimir Guerrero Jr.,Toronto Blue Jays,Baltimore Orioles,Kyle Bradish,3,Rogers Centre,69.0,8.5,Strong,8.8,7.3,7.6,7.3,4.1,6.6,8.0,77.54,6.027298699999999,135.0,3.4,7.2,9.8,9.8,Hitter skill + Lineup context,True
2026-09-12,2026-09-12T05:56:49.149939+00:00,2026-09-10,projected_or_reconstructed,forecast_or_neutral,571970,823819,663969.0,48,Max Muncy,Los Angeles Dodgers,Miami Marlins,Tyler Phillips,2,loanDepot park,135.0,8.4,Strong,6.7,3.0,8.9,3.0,7.1,6.6,9.0,84.56,8.077823,93.0,6.8,5.9,6.6,6.7,Lineup context + Pitcher vulnerability,True
2026-09-12,2026-09-12T05:56:49.149939+00:00,2026-09-10,projected_or_reconstructed,forecast_or_neutral,663993,823657,687570.0,49,Nathaniel Lowe,Cleveland Guardians,Minnesota Twins,Connor Prielipp,6,Target Field,113.0,8.4,Strong,6.2,7.5,7.0,7.5,6.1,6.8,5.0,73.94,12.924516800000001,307.0,9.5,2.8,3.8,6.1,Recent power + Pitch-type matchup,True
2026-09-12,2026-09-12T05:56:49.149939+00:00,2026-09-10,projected_or_reconstructed,forecast_or_neutral,681715,823819,607192.0,50,Heriberto Hernández,Miami Marlins,Los Angeles Dodgers,Tyler Glasnow,1,loanDepot park,135.0,8.4,Strong,9.4,8.9,1.3,8.9,7.1,6.6,10.0,84.56,8.077823,93.0,5.9,9.5,7.0,9.6,Lineup context + Hitter skill,True
2026-09-12,2026-09-12T05:56:49.149939+00:00,2026-09-10,projected_or_reconstructed,forecast_or_neutral,572233,822927,693855.0,51,Christian Walker,Houston Astros,Tampa Bay Rays,Ian Seymour,6,Tropicana Field,107.0,8.3,Strong,7.6,2.8,9.9,2.8,5.8,5.8,5.0,86.53999999999999,2.485484,333.0,7.2,5.2,6.9,7.5,Pitcher vulnerability + Hitter skill,True
2026-09-12,2026-09-12T05:56:49.149939+00:00,2026-09-10,projected_or_reconstructed,forecast_or_neutral,663728,824955,695611.0,52,Cal Raleigh,Seattle Mariners,Athletics,Gage Jump,4,Sutter Health Park,100.0,8.3,Strong,8.0,7.7,5.7,7.7,5.5,6.8,7.0,84.02,15.3478637,233.0,3.4,9.8,8.2,9.7,Hitter skill + Pitch-type matchup,True
2026-09-12,2026-09-12T05:56:49.149939+00:00,2026-09-10,projected_or_reconstructed,forecast_or_neutral,672515,825035,677958.0,53,Gabriel Moreno,Arizona Diamondbacks,Texas Rangers,Kumar Rocker,3,Chase Field,213.0,8.3,Strong,6.2,4.8,9.2,4.8,10.0,4.8,8.0,103.64,5.4059276999999994,240.0,3.4,7.8,5.4,7.4,Ballpark + Pitcher vulnerability,True
2026-09-12,2026-09-12T05:56:49.149939+00:00,2026-09-10,projected_or_reconstructed,forecast_or_neutral,553993,823737,,54,Eugenio Suárez,Cincinnati Reds,Milwaukee Brewers,TBD,6,American Family Field,88.0,8.2,Strong,9.3,5.5,5.5,5.5,5.0,6.7,5.0,82.4,9.8797989,288.0,9.2,5.7,3.7,6.9,Hitter skill + Recent power,True
2026-09-12,2026-09-12T05:56:49.149939+00:00,2026-09-10,projected_or_reconstructed,forecast_or_neutral,669224,823496,804267.0,55,Austin Wells,New York Yankees,New York Mets,Zac Thornton,8,Yankee Stadium,117.0,8.2,Strong,5.2,8.2,8.6,8.2,6.3,6.7,3.0,80.24000000000001,10.1283473,162.0,3.4,3.6,3.1,7.2,Pitcher vulnerability + Pitch-type matchup,True
2026-09-12,2026-09-12T05:56:49.149939+00:00,2026-09-10,projected_or_reconstructed,forecast_or_neutral,643446,824955,693433.0,56,Jeff McNeil,Athletics,Seattle Mariners,Bryan Woo,2,Sutter Health Park,100.0,8.2,Strong,6.9,4.3,7.9,4.3,5.5,6.8,9.0,84.02,15.3478637,233.0,6.4,2.7,9.5,6.6,Lineup context + Pitcher vulnerability,True
2026-09-12,2026-09-12T05:56:49.149939+00:00,2026-09-10,projected_or_reconstructed,forecast_or_neutral,660670,824870,,57,Ronald Acuña Jr.,Atlanta Braves,Philadelphia Phillies,TBD,2,Truist Park,100.0,8.1,Strong,8.7,5.5,5.5,5.5,5.5,6.5,9.0,78.98,3.4175405,157.0,7.2,8.0,8.1,7.3,Lineup context + Hitter skill,True
2026-09-12,2026-09-12T05:56:49.149939+00:00,2026-09-10,projected_or_reconstructed,forecast_or_neutral,663886,823737,,58,Tyler Stephenson,Cincinnati Reds,Milwaukee Brewers,TBD,5,American Family Field,88.0,8.1,Strong,9.0,5.5,5.5,5.5,5.0,6.7,6.0,82.4,9.8797989,288.0,7.6,10.0,9.9,6.4,Hitter skill + Recent power,True
2026-09-12,2026-09-12T05:56:49.149939+00:00,2026-09-10,projected_or_reconstructed,forecast_or_neutral,669065,823819,607192.0,59,Kyle Stowers,Miami Marlins,Los Angeles Dodgers,Tyler Glasnow,6,loanDepot park,135.0,8.1,Strong,8.9,9.9,1.3,9.9,7.1,6.6,5.0,84.56,8.077823,93.0,6.4,6.9,7.8,9.9,Pitch-type matchup + Hitter skill,True
2026-09-12,2026-09-12T05:56:49.149939+00:00,2026-09-10,projected_or_reconstructed,forecast_or_neutral,673237,822927,693855.0,60,Yainer Diaz,Houston Astros,Tampa Bay Rays,Ian Seymour,5,Tropicana Field,107.0,8.0,Strong,5.1,8.0,9.9,8.0,5.8,5.8,6.0,86.53999999999999,2.485484,333.0,3.4,8.4,9.8,8.5,Pitcher vulnerability + Pitch-type matchup,True
2026-09-12,2026-09-12T05:56:49.149939+00:00,2026-09-10,projected_or_reconstructed,forecast_or_neutral,807712,823657,682982.0,61,Luke Keaschall,Minnesota Twins,Cleveland Guardians,Daniel Espino,1,Target Field,113.0,8.0,Strong,6.5,7.6,5.4,7.6,6.1,6.8,10.0,73.94,12.924516800000001,307.0,3.4,2.7,4.3,6.8,Lineup context + Pitch-type matchup,True
2026-09-12,2026-09-12T05:56:49.149939+00:00,2026-09-10,projected_or_reconstructed,forecast_or_neutral,703607,824955,693433.0,62,Henry Bolte,Athletics,Seattle Mariners,Bryan Woo,1,Sutter Health Park,100.0,8.0,Strong,5.1,6.5,7.9,6.5,5.5,6.8,10.0,84.02,15.3478637,233.0,9.2,4.7,5.1,4.2,Lineup context + Recent power,True
2026-09-12,2026-09-12T05:56:49.149939+00:00,2026-09-10,projected_or_reconstructed,forecast_or_neutral,691002,822685,700712.0,63,Yohandy Morales,Washington Nationals,Los Angeles Angels,Walbert Ureña,6,Nationals Park,105.0,7.9,Strong,8.4,10.0,2.5,10.0,5.7,6.6,5.0,82.75999999999999,6.8972181,119.0,9.0,8.9,5.8,7.8,Pitch-type matchup + Recent power,True
2026-09-12,2026-09-12T05:56:49.149939+00:00,2026-09-10,projected_or_reconstructed,forecast_or_neutral,694671,825035,694297.0,64,Wyatt Langford,Texas Rangers,Arizona Diamondbacks,Brandon Pfaadt,5,Chase Field,213.0,7.9,Strong,7.9,6.3,4.4,6.3,10.0,4.8,6.0,103.64,5.4059276999999994,240.0,6.4,1.6,4.7,5.9,Ballpark + Hitter skill,True
2026-09-12,2026-09-12T05:56:49.149939+00:00,2026-09-10,projected_or_reconstructed,forecast_or_neutral,687263,822685,674841.0,65,Zach Neto,Los Angeles Angels,Washington Nationals,Andrew Alvarez,1,Nationals Park,105.0,7.9,Strong,9.0,5.7,2.8,5.7,5.7,6.6,10.0,82.75999999999999,6.8972181,119.0,8.9,7.3,6.8,8.0,Lineup context + Hitter skill,True
2026-09-12,2026-09-12T05:56:49.149939+00:00,2026-09-10,projected_or_reconstructed,forecast_or_neutral,665052,823819,607192.0,66,Griffin Conine,Miami Marlins,Los Angeles Dodgers,Tyler Glasnow,9,loanDepot park,135.0,7.8,Strong,9.5,8.1,1.3,8.1,7.1,6.6,2.0,84.56,8.077823,93.0,6.4,9.1,5.2,7.1,Hitter skill + Pitch-type matchup,True
2026-09-12,2026-09-12T05:56:49.149939+00:00,2026-09-10,projected_or_reconstructed,forecast_or_neutral,643376,825035,694297.0,67,Danny Jansen,Texas Rangers,Arizona Diamondbacks,Brandon Pfaadt,9,Chase Field,213.0,7.8,Strong,6.7,9.6,4.4,9.6,10.0,4.8,2.0,103.64,5.4059276999999994,240.0,8.5,8.2,5.1,3.0,Ballpark + Pitch-type matchup,True
2026-09-12,2026-09-12T05:56:49.149939+00:00,2026-09-10,projected_or_reconstructed,forecast_or_neutral,680777,823657,682982.0,68,Ryan Jeffers,Minnesota Twins,Cleveland Guardians,Daniel Espino,3,Target Field,113.0,7.8,Strong,7.0,4.6,5.4,4.6,6.1,6.8,8.0,73.94,12.924516800000001,307.0,7.2,9.3,5.6,3.6,Lineup context + Recent power,True
2026-09-12,2026-09-12T05:56:49.149939+00:00,2026-09-10,projected_or_reconstructed,forecast_or_neutral,701358,822927,693855.0,69,Cam Smith,Houston Astros,Tampa Bay Rays,Ian Seymour,7,Tropicana Field,107.0,7.7,Strong,4.3,6.7,9.9,6.7,5.8,5.8,4.0,86.53999999999999,2.485484,333.0,9.8,7.6,6.6,5.6,Pitcher vulnerability + Recent power,True
2026-09-12,2026-09-12T05:56:49.149939+00:00,2026-09-10,projected_or_reconstructed,forecast_or_neutral,543760,823496,543037.0,70,Marcus Semien,New York Mets,New York Yankees,Gerrit Cole,6,Yankee Stadium,117.0,7.7,Strong,4.5,7.6,8.2,7.6,6.3,6.7,5.0,80.24000000000001,10.1283473,162.0,3.4,3.2,4.4,5.6,Pitcher vulnerability + Pitch-type matchup,True
2026-09-12,2026-09-12T05:56:49.149939+00:00,2026-09-10,projected_or_reconstructed,forecast_or_neutral,696100,824224,808825.0,71,Hunter Goodman,Colorado Rockies,Detroit Tigers,Andrew Sears,4,Comerica Park,100.0,7.7,Strong,7.4,9.7,3.4,9.7,5.5,6.7,7.0,80.6,8.7613311,220.0,7.2,5.8,7.3,6.0,Pitch-type matchup + Hitter skill,True
2026-09-12,2026-09-12T05:56:49.149939+00:00,2026-09-10,projected_or_reconstructed,forecast_or_neutral,664761,824870,641816.0,72,Alec Bohm,Philadelphia Phillies,Atlanta Braves,Tyler Mahle,5,Truist Park,100.0,7.6,Strong,8.1,9.6,4.1,9.6,5.5,6.5,6.0,78.98,3.4175405,157.0,3.4,8.6,8.9,7.4,Pitch-type matchup + Hitter skill,True
2026-09-12,2026-09-12T05:56:49.149939+00:00,2026-09-10,projected_or_reconstructed,forecast_or_neutral,701350,824712,677976.0,73,Roman Anthony,Boston Red Sox,Kansas City Royals,Randy Dobnak,1,Fenway Park,92.0,7.6,Strong,7.5,7.4,4.7,7.4,5.1,6.7,10.0,73.75999999999999,9.6312505,77.0,5.9,9.7,7.6,9.5,Lineup context + Hitter skill,True
2026-09-12,2026-09-12T05:56:49.149939+00:00,2026-09-10,projected_or_reconstructed,forecast_or_neutral,806146,823496,804267.0,74,George Lombard Jr.,New York Yankees,New York Mets,Zac Thornton,6,Yankee Stadium,117.0,7.6,Strong,2.8,9.7,8.6,9.7,6.3,6.7,5.0,80.24000000000001,10.1283473,162.0,6.8,3.3,3.9,3.2,Pitch-type matchup + Pitcher vulnerability,True
2026-09-12,2026-09-12T05:56:49.149939+00:00,2026-09-10,projected_or_reconstructed,forecast_or_neutral,690993,824224,685299.0,75,Colt Keith,Detroit Tigers,Colorado Rockies,Tanner Gordon,3,Comerica Park,100.0,7.5,Strong,3.5,7.7,9.5,7.7,5.5,6.7,8.0,80.6,8.7613311,220.0,8.6,7.0,8.6,7.0,Pitcher vulnerability + Recent power,True
2026-09-12,2026-09-12T05:56:49.149939+00:00,2026-09-10,projected_or_reconstructed,forecast_or_neutral,607208,824870,641816.0,76,Trea Turner,Philadelphia Phillies,Atlanta Braves,Tyler Mahle,2,Truist Park,100.0,7.5,Strong,9.2,3.9,4.1,3.9,5.5,6.5,9.0,78.98,3.4175405,157.0,9.2,6.7,7.1,8.0,Hitter skill + Recent power,True
2026-09-12,2026-09-12T05:56:49.149939+00:00,2026-09-10,projected_or_reconstructed,forecast_or_neutral,690976,823819,663969.0,77,Alex Freeland,Los Angeles Dodgers,Miami Marlins,Tyler Phillips,8,loanDepot park,135.0,7.5,Strong,7.0,1.4,8.9,1.4,7.1,6.6,3.0,84.56,8.077823,93.0,3.4,6.2,4.1,6.1,Pitcher vulnerability + Ballpark,True
2026-09-12,2026-09-12T05:56:49.149939+00:00,2026-09-10,projected_or_reconstructed,forecast_or_neutral,592626,825035,694297.0,78,Joc Pederson,Texas Rangers,Arizona Diamondbacks,Brandon Pfaadt,1,Chase Field,213.0,7.4,Above average,5.2,9.3,4.4,9.3,10.0,4.8,10.0,103.64,5.4059276999999994,240.0,9.9,7.5,6.1,7.9,Ballpark + Lineup context,True
2026-09-12,2026-09-12T05:56:49.149939+00:00,2026-09-10,projected_or_reconstructed,forecast_or_neutral,699013,824630,605280.0,79,Esmerlyn Valdez,Pittsburgh Pirates,Chicago Cubs,Clay Holmes,5,Wrigley Field,107.0,7.4,Above average,8.0,7.5,3.8,7.5,5.8,6.0,6.0,86.18,9.1962908,241.0,7.2,8.9,5.9,9.6,Hitter skill + Pitch-type matchup,True
2026-09-12,2026-09-12T05:56:49.149939+00:00,2026-09-10,projected_or_reconstructed,forecast_or_neutral,695600,824712,624133.0,80,Carter Jensen,Kansas City Royals,Boston Red Sox,Ranger Suarez,1,Fenway Park,92.0,7.4,Above average,9.1,7.1,2.1,7.1,5.1,6.7,10.0,73.75999999999999,9.6312505,77.0,6.4,9.0,5.3,9.3,Lineup context + Hitter skill,True
2026-09-12,2026-09-12T05:56:49.149939+00:00,2026-09-10,projected_or_reconstructed,forecast_or_neutral,672386,822768,680694.0,81,Alejandro Kirk,Toronto Blue Jays,Baltimore Orioles,Kyle Bradish,4,Rogers Centre,69.0,7.3,Above average,7.9,3.7,7.6,3.7,4.1,6.6,7.0,77.54,6.027298699999999,135.0,6.4,5.3,9.0,9.1,Hitter skill + Pitcher vulnerability,True
2026-09-12,2026-09-12T05:56:49.149939+00:00,2026-09-10,projected_or_reconstructed,forecast_or_neutral,682657,823657,687570.0,82,Angel Martínez,Cleveland Guardians,Minnesota Twins,Connor Prielipp,7,Target Field,113.0,7.3,Above average,5.0,8.2,7.0,8.2,6.1,6.8,4.0,73.94,12.924516800000001,307.0,3.4,1.9,5.6,3.5,Pitch-type matchup + Pitcher vulnerability,True
2026-09-12,2026-09-12T05:56:49.149939+00:00,2026-09-10,projected_or_reconstructed,forecast_or_neutral,686527,824955,695611.0,83,Dominic Canzone,Seattle Mariners,Athletics,Gage Jump,3,Sutter Health Park,100.0,7.3,Above average,5.9,8.6,5.7,8.6,5.5,6.8,8.0,84.02,15.3478637,233.0,3.4,6.3,3.5,4.4,Pitch-type matchup + Lineup context,True
2026-09-12,2026-09-12T05:56:49.149939+00:00,2026-09-10,projected_or_reconstructed,forecast_or_neutral,664770,822768,680694.0,84,Nathan Lukes,Toronto Blue Jays,Baltimore Orioles,Kyle Bradish,5,Rogers Centre,69.0,7.2,Above average,7.2,6.5,7.6,6.5,4.1,6.6,6.0,77.54,6.027298699999999,135.0,3.4,6.6,3.3,4.5,Pitcher vulnerability + Hitter skill,True
2026-09-12,2026-09-12T05:56:49.149939+00:00,2026-09-10,projected_or_reconstructed,forecast_or_neutral,668227,824955,695611.0,85,Randy Arozarena,Seattle Mariners,Athletics,Gage Jump,2,Sutter Health Park,100.0,7.2,Above average,6.4,7.0,5.7,7.0,5.5,6.8,9.0,84.02,15.3478637,233.0,3.4,5.5,2.2,4.6,Lineup context + Pitch-type matchup,True
2026-09-12,2026-09-12T05:56:49.149939+00:00,2026-09-10,projected_or_reconstructed,forecast_or_neutral,677594,824955,695611.0,86,Julio Rodríguez,Seattle Mariners,Athletics,Gage Jump,5,Sutter Health Park,100.0,7.2,Above average,6.6,6.1,5.7,6.1,5.5,6.8,6.0,84.02,15.3478637,233.0,7.6,7.0,7.4,5.5,Recent power + Weather,True
2026-09-12,2026-09-12T05:56:49.149939+00:00,2026-09-10,projected_or_reconstructed,forecast_or_neutral,683953,823657,687570.0,87,Travis Bazzana,Cleveland Guardians,Minnesota Twins,Connor Prielipp,5,Target Field,113.0,7.1,Above average,5.4,4.2,7.0,4.2,6.1,6.8,6.0,73.94,12.924516800000001,307.0,9.4,5.8,5.9,3.6,Recent power + Pitcher vulnerability,True
2026-09-12,2026-09-12T05:56:49.149939+00:00,2026-09-10,projected_or_reconstructed,forecast_or_neutral,686469,824712,624133.0,88,Vinnie Pasquantino,Kansas City Royals,Boston Red Sox,Ranger Suarez,3,Fenway Park,92.0,7.1,Above average,9.7,6.2,2.1,6.2,5.1,6.7,8.0,73.75999999999999,9.6312505,77.0,6.1,9.2,9.8,9.7,Hitter skill + Lineup context,True
2026-09-12,2026-09-12T05:56:49.149939+00:00,2026-09-10,projected_or_reconstructed,forecast_or_neutral,621566,824870,,89,Matt Olson,Atlanta Braves,Philadelphia Phillies,TBD,3,Truist Park,100.0,7.1,Above average,7.9,5.5,5.5,5.5,5.5,6.5,8.0,78.98,3.4175405,157.0,3.4,4.7,8.8,8.5,Lineup context + Hitter skill,True
2026-09-12,2026-09-12T05:56:49.149939+00:00,2026-09-10,projected_or_reconstructed,forecast_or_neutral,701785,823657,682982.0,90,Kaelen Culpepper,Minnesota Twins,Cleveland Guardians,Daniel Espino,2,Target Field,113.0,7.0,Above average,4.8,8.8,5.4,8.8,6.1,6.8,9.0,73.94,12.924516800000001,307.0,3.4,3.4,8.0,8.2,Lineup context + Pitch-type matchup,True
2026-09-12,2026-09-12T05:56:49.149939+00:00,2026-09-10,projected_or_reconstructed,forecast_or_neutral,669242,823819,663969.0,91,Tommy Edman,Los Angeles Dodgers,Miami Marlins,Tyler Phillips,1,loanDepot park,135.0,7.0,Above average,3.3,4.9,8.9,4.9,7.1,6.6,10.0,84.56,8.077823,93.0,6.8,2.0,4.8,5.8,Lineup context + Pitcher vulnerability,True
2026-09-12,2026-09-12T05:56:49.149939+00:00,2026-09-10,projected_or_reconstructed,forecast_or_neutral,677587,823657,687570.0,92,Brayan Rocchio,Cleveland Guardians,Minnesota Twins,Connor Prielipp,9,Target Field,113.0,7.0,Above average,6.1,3.8,7.0,3.8,6.1,6.8,2.0,73.94,12.924516800000001,307.0,7.9,3.0,5.7,3.8,Recent power + Pitcher vulnerability,True
2026-09-12,2026-09-12T05:56:49.149939+00:00,2026-09-10,projected_or_reconstructed,forecast_or_neutral,668804,824630,605280.0,93,Bryan Reynolds,Pittsburgh Pirates,Chicago Cubs,Clay Holmes,3,Wrigley Field,107.0,6.9,Above average,8.4,4.4,3.8,4.4,5.8,6.0,8.0,86.18,9.1962908,241.0,7.2,9.5,9.3,9.8,Hitter skill + Lineup context,True
2026-09-12,2026-09-12T05:56:49.149939+00:00,2026-09-10,projected_or_reconstructed,forecast_or_neutral,680776,824712,677976.0,94,Jarren Duran,Boston Red Sox,Kansas City Royals,Randy Dobnak,8,Fenway Park,92.0,6.9,Above average,6.8,9.0,4.7,9.0,5.1,6.7,3.0,73.75999999999999,9.6312505,77.0,7.2,7.3,9.1,8.6,Pitch-type matchup + Recent power,True
2026-09-12,2026-09-12T05:56:49.149939+00:00,2026-09-10,projected_or_reconstructed,forecast_or_neutral,680869,824955,693433.0,95,Zack Gelof,Athletics,Seattle Mariners,Bryan Woo,3,Sutter Health Park,100.0,6.9,Above average,3.5,9.4,7.9,9.4,5.5,6.8,8.0,84.02,15.3478637,233.0,3.4,7.6,4.5,4.8,Pitch-type matchup + Lineup context,True
2026-09-12,2026-09-12T05:56:49.149939+00:00,2026-09-10,projected_or_reconstructed,forecast_or_neutral,808982,823170,650633.0,96,Jung Hoo Lee,San Francisco Giants,San Diego Padres,Michael King,7,Oracle Park,139.0,6.8,Above average,6.3,4.1,7.3,4.1,7.3,6.2,4.0,67.64,18.9518155,287.0,3.4,2.3,6.0,7.4,Pitcher vulnerability + Ballpark,True
2026-09-12,2026-09-12T05:56:49.149939+00:00,2026-09-10,projected_or_reconstructed,forecast_or_neutral,656775,822927,663567.0,97,Cedric Mullins,Tampa Bay Rays,Houston Astros,Peter Lambert,7,Tropicana Field,107.0,6.8,Above average,7.0,5.8,6.6,5.8,5.8,5.8,4.0,86.53999999999999,2.485484,333.0,3.4,7.8,6.9,7.8,Hitter skill + Pitcher vulnerability,True
2026-09-12,2026-09-12T05:56:49.149939+00:00,2026-09-10,projected_or_reconstructed,forecast_or_neutral,693307,824224,685299.0,98,Dillon Dingler,Detroit Tigers,Colorado Rockies,Tanner Gordon,5,Comerica Park,100.0,6.8,Above average,4.1,6.7,9.5,6.7,5.5,6.7,6.0,80.6,8.7613311,220.0,3.4,3.6,7.0,5.3,Pitcher vulnerability + Pitch-type matchup,True
2026-09-12,2026-09-12T05:56:49.149939+00:00,2026-09-10,projected_or_reconstructed,forecast_or_neutral,672695,825035,677958.0,99,Geraldo Perdomo,Arizona Diamondbacks,Texas Rangers,Kumar Rocker,4,Chase Field,213.0,6.7,Above average,4.8,3.6,9.2,3.6,10.0,4.8,7.0,103.64,5.4059276999999994,240.0,3.4,1.3,6.2,5.0,Ballpark + Pitcher vulnerability,True
2026-09-12,2026-09-12T05:56:49.149939+00:00,2026-09-10,projected_or_reconstructed,forecast_or_neutral,543807,822768,680694.0,100,George Springer,Toronto Blue Jays,Baltimore Orioles,Kyle Bradish,2,Rogers Centre,69.0,6.7,Above average,5.6,8.0,7.6,8.0,4.1,6.6,9.0,77.54,6.027298699999999,135.0,3.4,9.2,5.7,7.3,Lineup context + Pitch-type matchup,True
2026-09-12,2026-09-12T05:56:49.149939+00:00,2026-09-10,projected_or_reconstructed,forecast_or_neutral,677649,825035,694297.0,101,Ezequiel Duran,Texas Rangers,Arizona Diamondbacks,Brandon Pfaadt,3,Chase Field,213.0,6.7,Above average,7.3,5.3,4.4,5.3,10.0,4.8,8.0,103.64,5.4059276999999994,240.0,3.4,6.1,8.4,6.4,Ballpark + Lineup context,True
2026-09-12,2026-09-12T05:56:49.149939+00:00,2026-09-10,projected_or_reconstructed,forecast_or_neutral,514888,822927,693855.0,102,Jose Altuve,Houston Astros,Tampa Bay Rays,Ian Seymour,1,Tropicana Field,107.0,6.6,Above average,3.3,6.6,9.9,6.6,5.8,5.8,10.0,86.53999999999999,2.485484,333.0,3.4,2.1,8.0,3.4,Lineup context + Pitcher vulnerability,True
2026-09-12,2026-09-12T05:56:49.149939+00:00,2026-09-10,projected_or_reconstructed,forecast_or_neutral,663656,823819,663969.0,103,Kyle Tucker,Los Angeles Dodgers,Miami Marlins,Tyler Phillips,4,loanDepot park,135.0,6.6,Above average,4.3,2.6,8.9,2.6,7.1,6.6,7.0,84.56,8.077823,93.0,7.9,4.9,4.4,5.0,Pitcher vulnerability + Recent power,True
2026-09-12,2026-09-12T05:56:49.149939+00:00,2026-09-10,projected_or_reconstructed,forecast_or_neutral,641680,824955,693433.0,104,Jonah Heim,Athletics,Seattle Mariners,Bryan Woo,9,Sutter Health Park,100.0,6.6,Above average,5.8,5.5,7.9,5.5,5.5,6.8,2.0,84.02,15.3478637,233.0,3.4,3.1,5.4,6.9,Pitcher vulnerability + Weather,True
2026-09-12,2026-09-12T05:56:49.149939+00:00,2026-09-10,projected_or_reconstructed,forecast_or_neutral,671732,824955,693433.0,105,Lawrence Butler,Athletics,Seattle Mariners,Bryan Woo,4,Sutter Health Park,100.0,6.5,Solid,4.2,6.0,7.9,6.0,5.5,6.8,7.0,84.02,15.3478637,233.0,7.6,4.1,3.1,2.9,Pitcher vulnerability + Recent power,True
2026-09-12,2026-09-12T05:56:49.149939+00:00,2026-09-10,projected_or_reconstructed,forecast_or_neutral,607043,825035,694297.0,106,Brandon Nimmo,Texas Rangers,Arizona Diamondbacks,Brandon Pfaadt,4,Chase Field,213.0,6.5,Solid,8.5,2.5,4.4,2.5,10.0,4.8,7.0,103.64,5.4059276999999994,240.0,3.4,3.3,8.9,8.8,Ballpark + Hitter skill,True
2026-09-12,2026-09-12T05:56:49.149939+00:00,2026-09-10,projected_or_reconstructed,forecast_or_neutral,669257,823819,663969.0,107,Will Smith,Los Angeles Dodgers,Miami Marlins,Tyler Phillips,5,loanDepot park,135.0,6.5,Solid,4.8,1.4,8.9,1.4,7.1,6.6,6.0,84.56,8.077823,93.0,8.3,4.0,3.9,2.3,Pitcher vulnerability + Recent power,True
2026-09-12,2026-09-12T05:56:49.149939+00:00,2026-09-10,projected_or_reconstructed,forecast_or_neutral,680700,822927,663567.0,108,Richie Palacios,Tampa Bay Rays,Houston Astros,Peter Lambert,8,Tropicana Field,107.0,6.4,Solid,5.2,7.6,6.6,7.6,5.8,5.8,3.0,86.53999999999999,2.485484,333.0,9.8,7.3,7.5,5.1,Recent power + Pitch-type matchup,True
2026-09-12,2026-09-12T05:56:49.149939+00:00,2026-09-10,projected_or_reconstructed,forecast_or_neutral,678545,823170,650633.0,109,Osleivis Basabe,San Francisco Giants,San Diego Padres,Michael King,4,Oracle Park,139.0,6.4,Solid,2.8,8.9,7.3,8.9,7.3,6.2,7.0,67.64,18.9518155,287.0,8.1,3.4,3.8,2.7,Pitch-type matchup + Recent power,True
2026-09-12,2026-09-12T05:56:49.149939+00:00,2026-09-10,projected_or_reconstructed,forecast_or_neutral,668904,823657,682982.0,110,Royce Lewis,Minnesota Twins,Cleveland Guardians,Daniel Espino,6,Target Field,113.0,6.4,Solid,6.5,5.0,5.4,5.0,6.1,6.8,5.0,73.94,12.924516800000001,307.0,3.4,8.3,6.5,6.0,Weather + Hitter skill,True
2026-09-12,2026-09-12T05:56:49.149939+00:00,2026-09-10,projected_or_reconstructed,forecast_or_neutral,668939,824712,677976.0,111,Adley Rutschman,Boston Red Sox,Kansas City Royals,Randy Dobnak,3,Fenway Park,92.0,6.3,Solid,7.6,3.8,4.7,3.8,5.1,6.7,8.0,73.75999999999999,9.6312505,77.0,9.8,4.0,2.6,2.5,Recent power + Lineup context,True
2026-09-12,2026-09-12T05:56:49.149939+00:00,2026-09-10,projected_or_reconstructed,forecast_or_neutral,666176,823657,687570.0,112,Jo Adell,Cleveland Guardians,Minnesota Twins,Connor Prielipp,4,Target Field,113.0,6.3,Solid,3.9,7.5,7.0,7.5,6.1,6.8,7.0,73.94,12.924516800000001,307.0,3.4,2.2,6.4,5.8,Pitch-type matchup + Pitcher vulnerability,True
2026-09-12,2026-09-12T05:56:49.149939+00:00,2026-09-10,projected_or_reconstructed,forecast_or_neutral,624413,822768,693686.0,113,Pete Alonso,Baltimore Orioles,Toronto Blue Jays,Spencer Miles,2,Rogers Centre,69.0,6.3,Solid,9.4,6.9,1.8,6.9,4.1,6.6,9.0,77.54,6.027298699999999,135.0,6.4,9.1,9.5,9.6,Hitter skill + Lineup context,True
2026-09-12,2026-09-12T05:56:49.149939+00:00,2026-09-10,projected_or_reconstructed,forecast_or_neutral,682928,822685,700712.0,114,CJ Abrams,Washington Nationals,Los Angeles Angels,Walbert Ureña,4,Nationals Park,105.0,6.2,Solid,6.9,9.2,2.5,9.2,5.7,6.6,7.0,82.75999999999999,6.8972181,119.0,6.4,5.4,2.3,5.3,Pitch-type matchup + Lineup context,True
2026-09-12,2026-09-12T05:56:49.149939+00:00,2026-09-10,projected_or_reconstructed,forecast_or_neutral,677800,824712,677976.0,115,Wilyer Abreu,Boston Red Sox,Kansas City Royals,Randy Dobnak,4,Fenway Park,92.0,6.2,Solid,5.8,8.7,4.7,8.7,5.1,6.7,7.0,73.75999999999999,9.6312505,77.0,6.8,5.2,4.6,3.9,Pitch-type matchup + Lineup context,True
2026-09-12,2026-09-12T05:56:49.149939+00:00,2026-09-10,projected_or_reconstructed,forecast_or_neutral,805999,823496,543037.0,116,A.J. Ewing,New York Mets,New York Yankees,Gerrit Cole,8,Yankee Stadium,117.0,6.2,Solid,4.6,3.5,8.2,3.5,6.3,6.7,3.0,80.24000000000001,10.1283473,162.0,6.4,2.7,5.2,4.0,Pitcher vulnerability + Weather,True
2026-09-12,2026-09-12T05:56:49.149939+00:00,2026-09-10,projected_or_reconstructed,forecast_or_neutral,701398,823737,,117,Sal Stewart,Cincinnati Reds,Milwaukee Brewers,TBD,3,American Family Field,88.0,6.1,Solid,7.1,5.5,5.5,5.5,5.0,6.7,8.0,82.4,9.8797989,288.0,3.4,7.9,8.5,9.3,Lineup context + Hitter skill,True
2026-09-12,2026-09-12T05:56:49.149939+00:00,2026-09-10,projected_or_reconstructed,forecast_or_neutral,703601,824224,685299.0,118,Max Clark,Detroit Tigers,Colorado Rockies,Tanner Gordon,6,Comerica Park,100.0,6.1,Solid,6.0,1.4,9.5,1.4,5.5,6.7,5.0,80.6,8.7613311,220.0,3.4,1.3,8.6,4.5,Pitcher vulnerability + Weather,True
2026-09-12,2026-09-12T05:56:49.149939+00:00,2026-09-10,projected_or_reconstructed,forecast_or_neutral,699302,823737,,119,Héctor Rodríguez,Cincinnati Reds,Milwaukee Brewers,TBD,1,American Family Field,88.0,6.1,Solid,6.8,5.5,5.5,5.5,5.0,6.7,10.0,82.4,9.8797989,288.0,3.4,6.8,7.6,7.9,Lineup context + Hitter skill,True
2026-09-12,2026-09-12T05:56:49.149939+00:00,2026-09-10,projected_or_reconstructed,forecast_or_neutral,666624,823496,543037.0,120,Christopher Morel,New York Mets,New York Yankees,Gerrit Cole,7,Yankee Stadium,117.0,6.0,Solid,1.8,9.0,8.2,9.0,6.3,6.7,4.0,80.24000000000001,10.1283473,162.0,8.7,2.6,2.4,3.1,Pitch-type matchup + Recent power,True
2026-09-12,2026-09-12T05:56:49.149939+00:00,2026-09-10,projected_or_reconstructed,forecast_or_neutral,677951,824712,624133.0,121,Bobby Witt Jr.,Kansas City Royals,Boston Red Sox,Ranger Suarez,2,Fenway Park,92.0,6.0,Solid,8.7,5.8,2.1,5.8,5.1,6.7,9.0,73.75999999999999,9.6312505,77.0,6.1,9.3,7.5,8.9,Lineup context + Hitter skill,True
2026-09-12,2026-09-12T05:56:49.149939+00:00,2026-09-10,projected_or_reconstructed,forecast_or_neutral,694376,823170,650633.0,122,Shay Whitcomb,San Francisco Giants,San Diego Padres,Michael King,6,Oracle Park,139.0,6.0,Solid,4.4,6.7,7.3,6.7,7.3,6.2,5.0,67.64,18.9518155,287.0,3.4,9.5,6.4,2.8,Pitcher vulnerability + Ballpark,True
2026-09-12,2026-09-12T05:56:49.149939+00:00,2026-09-10,projected_or_reconstructed,forecast_or_neutral,666971,825035,677958.0,123,Lourdes Gurriel Jr.,Arizona Diamondbacks,Texas Rangers,Kumar Rocker,7,Chase Field,213.0,5.9,Solid,4.7,3.4,9.2,3.4,10.0,4.8,4.0,103.64,5.4059276999999994,240.0,3.4,3.0,7.0,8.9,Ballpark + Pitcher vulnerability,True
2026-09-12,2026-09-12T05:56:49.149939+00:00,2026-09-10,projected_or_reconstructed,forecast_or_neutral,669134,823170,702885.0,124,Luis Campusano,San Diego Padres,San Francisco Giants,Cesar Perdomo,4,Oracle Park,139.0,5.9,Solid,5.0,5.3,6.0,5.3,7.3,6.2,7.0,67.64,18.9518155,287.0,7.2,8.8,2.8,4.1,Ballpark + Recent power,True
2026-09-12,2026-09-12T05:56:49.149939+00:00,2026-09-10,projected_or_reconstructed,forecast_or_neutral,521692,824712,624133.0,125,Salvador Perez,Kansas City Royals,Boston Red Sox,Ranger Suarez,4,Fenway Park,92.0,5.9,Solid,8.5,6.8,2.1,6.8,5.1,6.7,7.0,73.75999999999999,9.6312505,77.0,6.1,9.7,9.3,8.4,Hitter skill + Lineup context,True
2026-09-12,2026-09-12T05:56:49.149939+00:00,2026-09-10,projected_or_reconstructed,forecast_or_neutral,695578,822685,700712.0,126,James Wood,Washington Nationals,Los Angeles Angels,Walbert Ureña,1,Nationals Park,105.0,5.8,Solid,8.6,4.7,2.5,4.7,5.7,6.6,10.0,82.75999999999999,6.8972181,119.0,3.4,8.1,8.1,10.0,Lineup context + Hitter skill,True
2026-09-12,2026-09-12T05:56:49.149939+00:00,2026-09-10,projected_or_reconstructed,forecast_or_neutral,686765,824712,677976.0,127,Nick Sogard,Boston Red Sox,Kansas City Royals,Randy Dobnak,6,Fenway Park,92.0,5.8,Solid,8.3,4.2,4.7,4.2,5.1,6.7,5.0,73.75999999999999,9.6312505,77.0,3.4,4.9,4.0,6.3,Hitter skill + Weather,True
2026-09-12,2026-09-12T05:56:49.149939+00:00,2026-09-10,projected_or_reconstructed,forecast_or_neutral,691723,822768,693686.0,128,Coby Mayo,Baltimore Orioles,Toronto Blue Jays,Spencer Miles,4,Rogers Centre,69.0,5.8,Solid,7.8,9.1,1.8,9.1,4.1,6.6,7.0,77.54,6.027298699999999,135.0,9.8,8.9,4.2,3.3,Recent power + Pitch-type matchup,True
2026-09-12,2026-09-12T05:56:49.149939+00:00,2026-09-10,projected_or_reconstructed,forecast_or_neutral,608324,824630,694973.0,129,Alex Bregman,Chicago Cubs,Pittsburgh Pirates,Paul Skenes,4,Wrigley Field,107.0,5.7,Solid,6.1,7.1,5.0,7.1,5.8,6.0,7.0,86.18,9.1962908,241.0,3.4,8.7,4.2,4.4,Pitch-type matchup + Lineup context,True
2026-09-12,2026-09-12T05:56:49.149939+00:00,2026-09-10,projected_or_reconstructed,forecast_or_neutral,683766,823170,650633.0,130,Christian Koss,San Francisco Giants,San Diego Padres,Michael King,9,Oracle Park,139.0,5.7,Solid,2.9,8.3,7.3,8.3,7.3,6.2,2.0,67.64,18.9518155,287.0,9.9,4.6,2.4,1.1,Recent power + Pitch-type matchup,True
2026-09-12,2026-09-12T05:56:49.149939+00:00,2026-09-10,projected_or_reconstructed,forecast_or_neutral,683737,824630,694973.0,131,Michael Busch,Chicago Cubs,Pittsburgh Pirates,Paul Skenes,3,Wrigley Field,107.0,5.7,Solid,5.9,7.0,5.0,7.0,5.8,6.0,8.0,86.18,9.1962908,241.0,3.4,6.2,6.3,6.5,Lineup context + Pitch-type matchup,True
2026-09-12,2026-09-12T05:56:49.149939+00:00,2026-09-10,projected_or_reconstructed,forecast_or_neutral,672640,823819,607192.0,132,Otto Lopez,Miami Marlins,Los Angeles Dodgers,Tyler Glasnow,2,loanDepot park,135.0,5.6,Solid,7.8,6.0,1.3,6.0,7.1,6.6,9.0,84.56,8.077823,93.0,3.4,7.1,6.3,7.0,Lineup context + Hitter skill,True
2026-09-12,2026-09-12T05:56:49.149939+00:00,2026-09-10,projected_or_reconstructed,forecast_or_neutral,699024,823009,656794.0,133,Leo Bernal,St. Louis Cardinals,Chicago White Sox,Sean Newcomb,6,Busch Stadium,70.0,5.6,Solid,8.8,9.7,1.3,9.7,4.2,5.9,5.0,89.6,3.9146373,204.0,6.1,7.4,9.9,10.0,Pitch-type matchup + Hitter skill,True
2026-09-12,2026-09-12T05:56:49.149939+00:00,2026-09-10,projected_or_reconstructed,forecast_or_neutral,691594,823819,607192.0,134,Javier Sanoja,Miami Marlins,Los Angeles Dodgers,Tyler Glasnow,4,loanDepot park,135.0,5.6,Solid,8.2,4.5,1.3,4.5,7.1,6.6,7.0,84.56,8.077823,93.0,6.4,3.4,9.2,6.3,Hitter skill + Ballpark,True
2026-09-12,2026-09-12T05:56:49.149939+00:00,2026-09-10,projected_or_reconstructed,forecast_or_neutral,622268,824955,693433.0,135,Donovan Walton,Athletics,Seattle Mariners,Bryan Woo,6,Sutter Health Park,100.0,5.5,Solid,2.4,8.6,7.9,8.6,5.5,6.8,5.0,84.02,15.3478637,233.0,8.1,6.0,3.8,5.4,Pitch-type matchup + Recent power,True
2026-09-12,2026-09-12T05:56:49.149939+00:00,2026-09-10,projected_or_reconstructed,forecast_or_neutral,686948,824870,,136,Drake Baldwin,Atlanta Braves,Philadelphia Phillies,TBD,1,Truist Park,100.0,5.5,Solid,5.6,5.5,5.5,5.5,5.5,6.5,10.0,78.98,3.4175405,157.0,6.8,5.6,7.1,6.8,Lineup context + Recent power,True
2026-09-12,2026-09-12T05:56:49.149939+00:00,2026-09-10,projected_or_reconstructed,forecast_or_neutral,669221,824870,,137,Sean Murphy,Atlanta Braves,Philadelphia Phillies,TBD,9,Truist Park,100.0,5.4,Neutral,6.6,5.5,5.5,5.5,5.5,6.5,2.0,78.98,3.4175405,157.0,7.6,6.7,4.1,5.7,Recent power + Hitter skill,True
2026-09-12,2026-09-12T05:56:49.149939+00:00,2026-09-10,projected_or_reconstructed,forecast_or_neutral,800543,823819,663969.0,138,Josue De Paula,Los Angeles Dodgers,Miami Marlins,Tyler Phillips,7,loanDepot park,135.0,5.4,Neutral,2.7,5.5,8.9,5.5,7.1,6.6,4.0,84.56,8.077823,93.0,5.5,5.5,5.5,5.5,Pitcher vulnerability + Ballpark,True
2026-09-12,2026-09-12T05:56:49.149939+00:00,2026-09-10,projected_or_reconstructed,forecast_or_neutral,699393,824630,694973.0,139,Pedro Ramírez,Chicago Cubs,Pittsburgh Pirates,Paul Skenes,8,Wrigley Field,107.0,5.4,Neutral,6.3,5.2,5.0,5.2,5.8,6.0,3.0,86.18,9.1962908,241.0,7.6,7.5,4.8,3.8,Recent power + Hitter skill,True
2026-09-12,2026-09-12T05:56:49.149939+00:00,2026-09-10,projected_or_reconstructed,forecast_or_neutral,666023,823170,702885.0,140,Freddy Fermin,San Diego Padres,San Francisco Giants,Cesar Perdomo,9,Oracle Park,139.0,5.3,Neutral,5.7,4.8,6.0,4.8,7.3,6.2,2.0,67.64,18.9518155,287.0,3.4,8.3,9.2,8.3,Ballpark + Weather,True
2026-09-12,2026-09-12T05:56:49.149939+00:00,2026-09-10,projected_or_reconstructed,forecast_or_neutral,673548,824630,694973.0,141,Seiya Suzuki,Chicago Cubs,Pittsburgh Pirates,Paul Skenes,2,Wrigley Field,107.0,5.3,Neutral,5.7,6.2,5.0,6.2,5.8,6.0,9.0,86.18,9.1962908,241.0,3.4,5.0,2.5,4.9,Lineup context + Pitch-type matchup,True
2026-09-12,2026-09-12T05:56:49.149939+00:00,2026-09-10,projected_or_reconstructed,forecast_or_neutral,701807,823496,543037.0,142,Carson Benge,New York Mets,New York Yankees,Gerrit Cole,5,Yankee Stadium,117.0,5.3,Neutral,2.1,7.1,8.2,7.1,6.3,6.7,6.0,80.24000000000001,10.1283473,162.0,3.4,2.5,1.4,2.1,Pitcher vulnerability + Pitch-type matchup,True
2026-09-12,2026-09-12T05:56:49.149939+00:00,2026-09-10,projected_or_reconstructed,forecast_or_neutral,691182,824224,808825.0,143,Adael Amador,Colorado Rockies,Detroit Tigers,Andrew Sears,6,Comerica Park,100.0,5.2,Neutral,5.3,9.5,3.4,9.5,5.5,6.7,5.0,80.6,8.7613311,220.0,7.6,8.8,4.6,1.8,Pitch-type matchup + Recent power,True
2026-09-12,2026-09-12T05:56:49.149939+00:00,2026-09-10,projected_or_reconstructed,forecast_or_neutral,571771,823819,663969.0,144,Enrique Hernández,Los Angeles Dodgers,Miami Marlins,Tyler Phillips,9,loanDepot park,135.0,5.2,Neutral,3.9,2.0,8.9,2.0,7.1,6.6,2.0,84.56,8.077823,93.0,8.2,5.0,3.7,5.2,Pitcher vulnerability + Recent power,True
2026-09-12,2026-09-12T05:56:49.149939+00:00,2026-09-10,projected_or_reconstructed,forecast_or_neutral,545121,825035,677958.0,145,Ildemaro Vargas,Arizona Diamondbacks,Texas Rangers,Kumar Rocker,1,Chase Field,213.0,5.2,Neutral,3.0,3.2,9.2,3.2,10.0,4.8,10.0,103.64,5.4059276999999994,240.0,3.4,4.8,6.5,4.3,Ballpark + Lineup context,True
2026-09-12,2026-09-12T05:56:49.149939+00:00,2026-09-10,projected_or_reconstructed,forecast_or_neutral,687957,823170,702885.0,146,Dustin Harris,San Diego Padres,San Francisco Giants,Cesar Perdomo,8,Oracle Park,139.0,5.1,Neutral,6.8,1.4,6.0,1.4,7.3,6.2,3.0,67.64,18.9518155,287.0,3.4,1.3,8.1,6.0,Ballpark + Hitter skill,True
2026-09-12,2026-09-12T05:56:49.149939+00:00,2026-09-10,projected_or_reconstructed,forecast_or_neutral,664983,824224,808825.0,147,Jake McCarthy,Colorado Rockies,Detroit Tigers,Andrew Sears,1,Comerica Park,100.0,5.1,Neutral,5.3,8.1,3.4,8.1,5.5,6.7,10.0,80.6,8.7613311,220.0,6.1,6.4,7.2,3.0,Lineup context + Pitch-type matchup,True
2026-09-12,2026-09-12T05:56:49.149939+00:00,2026-09-10,projected_or_reconstructed,forecast_or_neutral,665953,822685,700712.0,148,Andrés Chaparro,Washington Nationals,Los Angeles Angels,Walbert Ureña,2,Nationals Park,105.0,5.1,Neutral,6.6,5.8,2.5,5.8,5.7,6.6,9.0,82.75999999999999,6.8972181,119.0,8.2,9.3,9.6,8.8,Lineup context + Recent power,True
2026-09-12,2026-09-12T05:56:49.149939+00:00,2026-09-10,projected_or_reconstructed,forecast_or_neutral,680574,823737,,149,Matt McLain,Cincinnati Reds,Milwaukee Brewers,TBD,8,American Family Field,88.0,5.0,Neutral,6.0,5.5,5.5,5.5,5.0,6.7,3.0,82.4,9.8797989,288.0,8.2,5.4,3.9,3.9,Recent power + Weather,True
2026-09-12,2026-09-12T05:56:49.149939+00:00,2026-09-10,projected_or_reconstructed,forecast_or_neutral,702284,824955,695611.0,150,Cole Young,Seattle Mariners,Athletics,Gage Jump,8,Sutter Health Park,100.0,5.0,Neutral,5.3,6.6,5.7,6.6,5.5,6.8,3.0,84.02,15.3478637,233.0,3.4,5.1,4.5,2.6,Weather + Pitch-type matchup,True
2026-09-12,2026-09-12T05:56:49.149939+00:00,2026-09-10,projected_or_reconstructed,forecast_or_neutral,656716,824224,685299.0,151,Zach McKinstry,Detroit Tigers,Colorado Rockies,Tanner Gordon,8,Comerica Park,100.0,5.0,Neutral,4.4,2.9,9.5,2.9,5.5,6.7,3.0,80.6,8.7613311,220.0,3.4,1.3,1.1,1.8,Pitcher vulnerability + Weather,True
2026-09-12,2026-09-12T05:56:49.149939+00:00,2026-09-10,projected_or_reconstructed,forecast_or_neutral,676391,822768,680694.0,152,Ernie Clement,Toronto Blue Jays,Baltimore Orioles,Kyle Bradish,9,Rogers Centre,69.0,4.9,Neutral,6.0,5.1,7.6,5.1,4.1,6.6,2.0,77.54,6.027298699999999,135.0,3.4,1.3,1.5,1.3,Pitcher vulnerability + Weather,True
2026-09-12,2026-09-12T05:56:49.149939+00:00,2026-09-10,projected_or_reconstructed,forecast_or_neutral,650402,824224,685299.0,153,Gleyber Torres,Detroit Tigers,Colorado Rockies,Tanner Gordon,2,Comerica Park,100.0,4.9,Neutral,3.7,2.3,9.5,2.3,5.5,6.7,9.0,80.6,8.7613311,220.0,3.4,2.9,4.9,5.4,Pitcher vulnerability + Lineup context,True
2026-09-12,2026-09-12T05:56:49.149939+00:00,2026-09-10,projected_or_reconstructed,forecast_or_neutral,678246,823009,681517.0,154,Miguel Vargas,Chicago White Sox,St. Louis Cardinals,Kyle Leahy,3,Busch Stadium,70.0,4.9,Neutral,7.3,7.8,3.1,7.8,4.2,5.9,8.0,89.6,3.9146373,204.0,3.4,4.8,3.6,7.0,Lineup context + Pitch-type matchup,True
2026-09-12,2026-09-12T05:56:49.149939+00:00,2026-09-10,projected_or_reconstructed,forecast_or_neutral,807726,824224,685299.0,155,John Peck,Detroit Tigers,Colorado Rockies,Tanner Gordon,7,Comerica Park,100.0,4.8,Neutral,4.7,1.4,9.5,1.4,5.5,6.7,4.0,80.6,8.7613311,220.0,3.4,5.7,4.1,3.7,Pitcher vulnerability + Weather,True
2026-09-12,2026-09-12T05:56:49.149939+00:00,2026-09-10,projected_or_reconstructed,forecast_or_neutral,695491,823009,656794.0,156,Joshua Báez,St. Louis Cardinals,Chicago White Sox,Sean Newcomb,5,Busch Stadium,70.0,4.8,Neutral,7.2,9.9,1.3,9.9,4.2,5.9,6.0,89.6,3.9146373,204.0,7.6,4.5,5.5,5.9,Pitch-type matchup + Recent power,True
2026-09-12,2026-09-12T05:56:49.149939+00:00,2026-09-10,projected_or_reconstructed,forecast_or_neutral,663647,823737,,157,Ke'Bryan Hayes,Cincinnati Reds,Milwaukee Brewers,TBD,9,American Family Field,88.0,4.8,Neutral,6.3,5.5,5.5,5.5,5.0,6.7,2.0,82.4,9.8797989,288.0,3.4,5.1,4.8,5.6,Weather + Hitter skill,True
2026-09-12,2026-09-12T05:56:49.149939+00:00,2026-09-10,projected_or_reconstructed,forecast_or_neutral,691783,825035,677958.0,158,Jordan Lawlar,Arizona Diamondbacks,Texas Rangers,Kumar Rocker,8,Chase Field,213.0,4.7,Neutral,2.3,5.6,9.2,5.6,10.0,4.8,3.0,103.64,5.4059276999999994,240.0,3.4,3.5,1.1,2.5,Ballpark + Pitcher vulnerability,True
2026-09-12,2026-09-12T05:56:49.149939+00:00,2026-09-10,projected_or_reconstructed,forecast_or_neutral,665833,824630,605280.0,159,Oneil Cruz,Pittsburgh Pirates,Chicago Cubs,Clay Holmes,2,Wrigley Field,107.0,4.7,Neutral,6.1,3.7,3.8,3.7,5.8,6.0,9.0,86.18,9.1962908,241.0,7.2,7.7,1.6,4.5,Lineup context + Recent power,True
2026-09-12,2026-09-12T05:56:49.149939+00:00,2026-09-10,projected_or_reconstructed,forecast_or_neutral,695657,823009,681517.0,160,Colson Montgomery,Chicago White Sox,St. Louis Cardinals,Kyle Leahy,4,Busch Stadium,70.0,4.7,Neutral,7.2,6.2,3.1,6.2,4.2,5.9,7.0,89.6,3.9146373,204.0,7.2,7.6,6.7,7.6,Hitter skill + Recent power,True
2026-09-12,2026-09-12T05:56:49.149939+00:00,2026-09-10,projected_or_reconstructed,forecast_or_neutral,624641,824870,641816.0,161,Edmundo Sosa,Philadelphia Phillies,Atlanta Braves,Tyler Mahle,6,Truist Park,100.0,4.6,Neutral,4.7,10.0,4.1,10.0,5.5,6.5,5.0,78.98,3.4175405,157.0,3.4,7.9,8.3,8.7,Pitch-type matchup + Weather,True
2026-09-12,2026-09-12T05:56:49.149939+00:00,2026-09-10,projected_or_reconstructed,forecast_or_neutral,645277,824870,,162,Ozzie Albies,Atlanta Braves,Philadelphia Phillies,TBD,6,Truist Park,100.0,4.6,Neutral,5.6,5.5,5.5,5.5,5.5,6.5,5.0,78.98,3.4175405,157.0,3.4,2.1,6.9,7.1,Weather + Hitter skill,True
2026-09-12,2026-09-12T05:56:49.149939+00:00,2026-09-10,projected_or_reconstructed,forecast_or_neutral,805300,823819,607192.0,163,Jakob Marsee,Miami Marlins,Los Angeles Dodgers,Tyler Glasnow,3,loanDepot park,135.0,4.6,Neutral,8.0,2.4,1.3,2.4,7.1,6.6,8.0,84.56,8.077823,93.0,3.4,3.5,7.7,6.7,Hitter skill + Lineup context,True
2026-09-12,2026-09-12T05:56:49.149939+00:00,2026-09-10,projected_or_reconstructed,forecast_or_neutral,676475,823009,656794.0,164,Alec Burleson,St. Louis Cardinals,Chicago White Sox,Sean Newcomb,4,Busch Stadium,70.0,4.5,Below average,8.6,5.9,1.3,5.9,4.2,5.9,7.0,89.6,3.9146373,204.0,6.1,6.5,9.4,8.8,Hitter skill + Lineup context,True
2026-09-12,2026-09-12T05:56:49.149939+00:00,2026-09-10,projected_or_reconstructed,forecast_or_neutral,681297,822768,693686.0,165,Colton Cowser,Baltimore Orioles,Toronto Blue Jays,Spencer Miles,9,Rogers Centre,69.0,4.5,Below average,8.1,8.3,1.8,8.3,4.1,6.6,2.0,77.54,6.027298699999999,135.0,3.4,6.0,9.5,6.3,Pitch-type matchup + Hitter skill,True
2026-09-12,2026-09-12T05:56:49.149939+00:00,2026-09-10,projected_or_reconstructed,forecast_or_neutral,630105,823170,702885.0,166,Jake Cronenworth,San Diego Padres,San Francisco Giants,Cesar Perdomo,2,Oracle Park,139.0,4.5,Below average,3.6,2.9,6.0,2.9,7.3,6.2,9.0,67.64,18.9518155,287.0,8.1,1.3,1.3,2.6,Lineup context + Recent power,True
2026-09-12,2026-09-12T05:56:49.149939+00:00,2026-09-10,projected_or_reconstructed,forecast_or_neutral,669701,822768,680694.0,167,Josh Smith,Toronto Blue Jays,Baltimore Orioles,Kyle Bradish,7,Rogers Centre,69.0,4.4,Below average,3.2,6.9,7.6,6.9,4.1,6.6,4.0,77.54,6.027298699999999,135.0,9.9,8.5,1.7,1.1,Recent power + Pitcher vulnerability,True
2026-09-12,2026-09-12T05:56:49.149939+00:00,2026-09-10,projected_or_reconstructed,forecast_or_neutral,689414,822927,663567.0,168,Liam Hicks,Tampa Bay Rays,Houston Astros,Peter Lambert,4,Tropicana Field,107.0,4.4,Below average,3.6,4.8,6.6,4.8,5.8,5.8,7.0,86.53999999999999,2.485484,333.0,8.3,5.3,2.1,3.2,Recent power + Lineup context,True
2026-09-12,2026-09-12T05:56:49.149939+00:00,2026-09-10,projected_or_reconstructed,forecast_or_neutral,547180,824870,641816.0,169,Bryce Harper,Philadelphia Phillies,Atlanta Braves,Tyler Mahle,3,Truist Park,100.0,4.4,Below average,5.8,5.6,4.1,5.6,5.5,6.5,8.0,78.98,3.4175405,157.0,3.4,4.6,5.6,8.1,Lineup context + Weather,True
2026-09-12,2026-09-12T05:56:49.149939+00:00,2026-09-10,projected_or_reconstructed,forecast_or_neutral,671739,824870,,170,Michael Harris II,Atlanta Braves,Philadelphia Phillies,TBD,4,Truist Park,100.0,4.3,Below average,4.9,5.5,5.5,5.5,5.5,6.5,7.0,78.98,3.4175405,157.0,3.4,5.9,7.7,3.5,Lineup context + Weather,True
2026-09-12,2026-09-12T05:56:49.149939+00:00,2026-09-10,projected_or_reconstructed,forecast_or_neutral,695336,823009,656794.0,171,Thomas Saggese,St. Louis Cardinals,Chicago White Sox,Sean Newcomb,7,Busch Stadium,70.0,4.3,Below average,7.7,9.1,1.3,9.1,4.2,5.9,4.0,89.6,3.9146373,204.0,3.4,8.3,5.5,9.4,Pitch-type matchup + Hitter skill,True
2026-09-12,2026-09-12T05:56:49.149939+00:00,2026-09-10,projected_or_reconstructed,forecast_or_neutral,687401,823737,663903.0,172,Joey Ortiz,Milwaukee Brewers,Cincinnati Reds,Brady Singer,9,American Family Field,88.0,4.3,Below average,5.4,4.5,6.3,4.5,5.0,6.7,2.0,82.4,9.8797989,288.0,3.4,2.3,9.0,8.3,Weather + Pitcher vulnerability,True
2026-09-12,2026-09-12T05:56:49.149939+00:00,2026-09-10,projected_or_reconstructed,forecast_or_neutral,813841,823170,650633.0,173,Jonah Cox,San Francisco Giants,San Diego Padres,Michael King,1,Oracle Park,139.0,4.2,Below average,2.0,5.1,7.3,5.1,7.3,6.2,10.0,67.64,18.9518155,287.0,3.4,3.5,3.5,1.7,Lineup context + Pitcher vulnerability,True
2026-09-12,2026-09-12T05:56:49.149939+00:00,2026-09-10,projected_or_reconstructed,forecast_or_neutral,680779,824630,605280.0,174,Henry Davis,Pittsburgh Pirates,Chicago Cubs,Clay Holmes,9,Wrigley Field,107.0,4.2,Below average,4.9,7.2,3.8,7.2,5.8,6.0,2.0,86.18,9.1962908,241.0,8.5,5.8,9.4,6.9,Recent power + Pitch-type matchup,True
2026-09-12,2026-09-12T05:56:49.149939+00:00,2026-09-10,projected_or_reconstructed,forecast_or_neutral,624424,824630,694973.0,175,Michael Conforto,Chicago Cubs,Pittsburgh Pirates,Paul Skenes,7,Wrigley Field,107.0,4.2,Below average,3.4,7.7,5.0,7.7,5.8,6.0,4.0,86.18,9.1962908,241.0,7.9,6.9,5.3,6.1,Recent power + Pitch-type matchup,True
2026-09-12,2026-09-12T05:56:49.149939+00:00,2026-09-10,projected_or_reconstructed,forecast_or_neutral,686668,823009,681517.0,176,Brenton Doyle,Chicago White Sox,St. Louis Cardinals,Kyle Leahy,6,Busch Stadium,70.0,4.1,Below average,5.5,8.4,3.1,8.4,4.2,5.9,5.0,89.6,3.9146373,204.0,9.3,6.5,2.1,7.6,Recent power + Pitch-type matchup,True
2026-09-12,2026-09-12T05:56:49.149939+00:00,2026-09-10,projected_or_reconstructed,forecast_or_neutral,641857,823496,804267.0,177,Ryan McMahon,New York Yankees,New York Mets,Zac Thornton,7,Yankee Stadium,117.0,4.1,Below average,2.2,3.2,8.6,3.2,6.3,6.7,4.0,80.24000000000001,10.1283473,162.0,3.4,1.8,1.9,4.8,Pitcher vulnerability + Weather,True
2026-09-12,2026-09-12T05:56:49.149939+00:00,2026-09-10,projected_or_reconstructed,forecast_or_neutral,545361,822685,674841.0,178,Mike Trout,Los Angeles Angels,Washington Nationals,Andrew Alvarez,2,Nationals Park,105.0,4.1,Below average,6.9,2.8,2.8,2.8,5.7,6.6,9.0,82.75999999999999,6.8972181,119.0,3.4,6.1,1.8,5.1,Lineup context + Hitter skill,True
2026-09-12,2026-09-12T05:56:49.149939+00:00,2026-09-10,projected_or_reconstructed,forecast_or_neutral,680757,823657,687570.0,179,Steven Kwan,Cleveland Guardians,Minnesota Twins,Connor Prielipp,1,Target Field,113.0,4.0,Below average,2.5,3.3,7.0,3.3,6.1,6.8,10.0,73.94,12.924516800000001,307.0,3.4,1.6,1.1,1.3,Lineup context + Pitcher vulnerability,True
2026-09-12,2026-09-12T05:56:49.149939+00:00,2026-09-10,projected_or_reconstructed,forecast_or_neutral,593428,823170,702885.0,180,Xander Bogaerts,San Diego Padres,San Francisco Giants,Cesar Perdomo,6,Oracle Park,139.0,4.0,Below average,4.5,2.4,6.0,2.4,7.3,6.2,5.0,67.64,18.9518155,287.0,3.4,3.8,8.4,9.3,Ballpark + Weather,True
2026-09-12,2026-09-12T05:56:49.149939+00:00,2026-09-10,projected_or_reconstructed,forecast_or_neutral,668930,823737,663903.0,181,Brice Turang,Milwaukee Brewers,Cincinnati Reds,Brady Singer,2,American Family Field,88.0,4.0,Below average,4.1,4.4,6.3,4.4,5.0,6.7,9.0,82.4,9.8797989,288.0,3.4,1.7,1.3,2.8,Lineup context + Weather,True
2026-09-12,2026-09-12T05:56:49.149939+00:00,2026-09-10,projected_or_reconstructed,forecast_or_neutral,694208,822685,674841.0,182,Moisés Ballesteros,Los Angeles Angels,Washington Nationals,Andrew Alvarez,5,Nationals Park,105.0,3.9,Below average,6.4,2.9,2.8,2.9,5.7,6.6,6.0,82.75999999999999,6.8972181,119.0,7.9,6.6,8.3,5.1,Recent power + Weather,True
2026-09-12,2026-09-12T05:56:49.149939+00:00,2026-09-10,projected_or_reconstructed,forecast_or_neutral,814439,825035,677958.0,183,Ryan Waldschmidt,Arizona Diamondbacks,Texas Rangers,Kumar Rocker,9,Chase Field,213.0,3.9,Below average,1.2,5.6,9.2,5.6,10.0,4.8,2.0,103.64,5.4059276999999994,240.0,3.4,6.8,2.2,2.2,Ballpark + Pitcher vulnerability,True
2026-09-12,2026-09-12T05:56:49.149939+00:00,2026-09-10,projected_or_reconstructed,forecast_or_neutral,669003,823737,663903.0,184,Garrett Mitchell,Milwaukee Brewers,Cincinnati Reds,Brady Singer,8,American Family Field,88.0,3.9,Below average,4.5,4.9,6.3,4.9,5.0,6.7,3.0,82.4,9.8797989,288.0,3.4,2.9,6.5,7.7,Weather + Pitcher vulnerability,True
2026-09-12,2026-09-12T05:56:49.149939+00:00,2026-09-10,projected_or_reconstructed,forecast_or_neutral,683011,823496,804267.0,185,Anthony Volpe,New York Yankees,New York Mets,Zac Thornton,9,Yankee Stadium,117.0,3.8,Below average,1.8,2.1,8.6,2.1,6.3,6.7,2.0,80.24000000000001,10.1283473,162.0,8.2,2.6,3.1,3.5,Pitcher vulnerability + Recent power,True
2026-09-12,2026-09-12T05:56:49.149939+00:00,2026-09-10,projected_or_reconstructed,forecast_or_neutral,683734,823737,663903.0,186,Andrew Vaughn,Milwaukee Brewers,Cincinnati Reds,Brady Singer,4,American Family Field,88.0,3.8,Below average,5.0,1.9,6.3,1.9,5.0,6.7,7.0,82.4,9.8797989,288.0,3.4,3.6,5.9,9.2,Lineup context + Weather,True
2026-09-12,2026-09-12T05:56:49.149939+00:00,2026-09-10,projected_or_reconstructed,forecast_or_neutral,666211,822927,693855.0,187,Taylor Trammell,Houston Astros,Tampa Bay Rays,Ian Seymour,8,Tropicana Field,107.0,3.8,Below average,1.6,4.7,9.9,4.7,5.8,5.8,3.0,86.53999999999999,2.485484,333.0,3.4,5.6,2.7,5.0,Pitcher vulnerability + Ballpark,True
2026-09-12,2026-09-12T05:56:49.149939+00:00,2026-09-10,projected_or_reconstructed,forecast_or_neutral,691720,824224,808825.0,188,Kyle Karros,Colorado Rockies,Detroit Tigers,Andrew Sears,5,Comerica Park,100.0,3.7,Below average,3.0,9.2,3.4,9.2,5.5,6.7,6.0,80.6,8.7613311,220.0,7.9,8.5,2.5,2.2,Pitch-type matchup + Recent power,True
2026-09-12,2026-09-12T05:56:49.149939+00:00,2026-09-10,projected_or_reconstructed,forecast_or_neutral,668709,823737,,189,JJ Bleday,Cincinnati Reds,Milwaukee Brewers,TBD,4,American Family Field,88.0,3.7,Below average,3.9,5.5,5.5,5.5,5.0,6.7,7.0,82.4,9.8797989,288.0,3.4,8.5,4.6,4.2,Lineup context + Weather,True
2026-09-12,2026-09-12T05:56:49.149939+00:00,2026-09-10,projected_or_reconstructed,forecast_or_neutral,806367,823170,650633.0,190,Turner Hill,San Francisco Giants,San Diego Padres,Michael King,5,Oracle Park,139.0,3.7,Below average,3.1,1.4,7.3,1.4,7.3,6.2,6.0,67.64,18.9518155,287.0,3.4,1.8,6.7,5.2,Pitcher vulnerability + Ballpark,True
2026-09-12,2026-09-12T05:56:49.149939+00:00,2026-09-10,projected_or_reconstructed,forecast_or_neutral,545341,823009,681517.0,191,Randal Grichuk,Chicago White Sox,St. Louis Cardinals,Kyle Leahy,2,Busch Stadium,70.0,3.6,Below average,4.0,8.8,3.1,8.8,4.2,5.9,9.0,89.6,3.9146373,204.0,8.7,7.4,10.0,9.0,Lineup context + Pitch-type matchup,True
2026-09-12,2026-09-12T05:56:49.149939+00:00,2026-09-10,projected_or_reconstructed,forecast_or_neutral,694249,824224,808825.0,192,Cole Carrigg,Colorado Rockies,Detroit Tigers,Andrew Sears,3,Comerica Park,100.0,3.6,Below average,4.4,6.4,3.4,6.4,5.5,6.7,8.0,80.6,8.7613311,220.0,3.4,4.9,4.0,2.7,Lineup context + Weather,True
2026-09-12,2026-09-12T05:56:49.149939+00:00,2026-09-10,projected_or_reconstructed,forecast_or_neutral,668800,823170,650633.0,193,Andrew Knizner,San Francisco Giants,San Diego Padres,Michael King,8,Oracle Park,139.0,3.6,Below average,2.5,3.9,7.3,3.9,7.3,6.2,3.0,67.64,18.9518155,287.0,3.4,2.7,3.2,2.1,Pitcher vulnerability + Ballpark,True
2026-09-12,2026-09-12T05:56:49.149939+00:00,2026-09-10,projected_or_reconstructed,forecast_or_neutral,650333,824870,641816.0,194,Luis Arraez,Philadelphia Phillies,Atlanta Braves,Tyler Mahle,4,Truist Park,100.0,3.5,Below average,6.2,2.0,4.1,2.0,5.5,6.5,7.0,78.98,3.4175405,157.0,3.4,4.2,1.3,3.1,Lineup context + Weather,True
2026-09-12,2026-09-12T05:56:49.149939+00:00,2026-09-10,projected_or_reconstructed,forecast_or_neutral,681393,824224,808825.0,195,Connor Norby,Colorado Rockies,Detroit Tigers,Andrew Sears,2,Comerica Park,100.0,3.5,Below average,4.9,3.0,3.4,3.0,5.5,6.7,9.0,80.6,8.7613311,220.0,8.3,5.6,2.6,1.6,Lineup context + Recent power,True
2026-09-12,2026-09-12T05:56:49.149939+00:00,2026-09-10,projected_or_reconstructed,forecast_or_neutral,703520,822768,680694.0,196,Brett Bateman,Toronto Blue Jays,Baltimore Orioles,Kyle Bradish,1,Rogers Centre,69.0,3.5,Below average,4.1,1.4,7.6,1.4,4.1,6.6,10.0,77.54,6.027298699999999,135.0,3.4,1.3,1.4,2.4,Lineup context + Pitcher vulnerability,True
2026-09-12,2026-09-12T05:56:49.149939+00:00,2026-09-10,projected_or_reconstructed,forecast_or_neutral,687952,822768,693686.0,197,Christian Encarnacion-Strand,Baltimore Orioles,Toronto Blue Jays,Spencer Miles,7,Rogers Centre,69.0,3.4,Weak,7.5,5.1,1.8,5.1,4.1,6.6,4.0,77.54,6.027298699999999,135.0,3.4,8.1,3.2,7.2,Hitter skill + Weather,True
2026-09-12,2026-09-12T05:56:49.149939+00:00,2026-09-10,projected_or_reconstructed,forecast_or_neutral,665923,823819,607192.0,198,Esteury Ruiz,Miami Marlins,Los Angeles Dodgers,Tyler Glasnow,7,loanDepot park,135.0,3.4,Weak,5.9,4.0,1.3,4.0,7.1,6.6,4.0,84.56,8.077823,93.0,3.4,10.0,6.0,1.2,Ballpark + Weather,True
2026-09-12,2026-09-12T05:56:49.149939+00:00,2026-09-10,projected_or_reconstructed,forecast_or_neutral,641487,824955,695611.0,199,J.P. Crawford,Seattle Mariners,Athletics,Gage Jump,1,Sutter Health Park,100.0,3.4,Weak,3.4,2.2,5.7,2.2,5.5,6.8,10.0,84.02,15.3478637,233.0,3.4,1.3,3.0,2.8,Lineup context + Weather,True
2026-09-12,2026-09-12T05:56:49.149939+00:00,2026-09-10,projected_or_reconstructed,forecast_or_neutral,686681,824712,624133.0,200,Michael Massey,Kansas City Royals,Boston Red Sox,Ranger Suarez,5,Fenway Park,92.0,3.3,Weak,5.7,5.5,2.1,5.5,5.1,6.7,6.0,73.75999999999999,9.6312505,77.0,3.4,4.4,8.6,8.6,Weather + Lineup context,True
2026-09-12,2026-09-12T05:56:49.149939+00:00,2026-09-10,projected_or_reconstructed,forecast_or_neutral,800325,823737,663903.0,201,Luis Lara,Milwaukee Brewers,Cincinnati Reds,Brady Singer,6,American Family Field,88.0,3.3,Weak,4.6,1.4,6.3,1.4,5.0,6.7,5.0,82.4,9.8797989,288.0,3.4,3.2,7.6,5.7,Weather + Pitcher vulnerability,True
2026-09-12,2026-09-12T05:56:49.149939+00:00,2026-09-10,projected_or_reconstructed,forecast_or_neutral,643289,824870,,202,Mauricio Dubón,Atlanta Braves,Philadelphia Phillies,TBD,5,Truist Park,100.0,3.3,Weak,3.3,5.5,5.5,5.5,5.5,6.5,6.0,78.98,3.4175405,157.0,3.4,3.9,6.1,2.0,Weather + Lineup context,True
2026-09-12,2026-09-12T05:56:49.149939+00:00,2026-09-10,projected_or_reconstructed,forecast_or_neutral,805805,823657,682982.0,203,Walker Jenkins,Minnesota Twins,Cleveland Guardians,Daniel Espino,9,Target Field,113.0,3.2,Weak,4.1,1.4,5.4,1.4,6.1,6.8,2.0,73.94,12.924516800000001,307.0,3.4,3.2,3.4,3.2,Weather + Ballpark,True
2026-09-12,2026-09-12T05:56:49.149939+00:00,2026-09-10,projected_or_reconstructed,forecast_or_neutral,695720,824955,693433.0,204,Tommy White,Athletics,Seattle Mariners,Bryan Woo,7,Sutter Health Park,100.0,3.2,Weak,1.9,3.4,7.9,3.4,5.5,6.8,4.0,84.02,15.3478637,233.0,3.4,6.3,2.8,4.9,Pitcher vulnerability + Weather,True
2026-09-12,2026-09-12T05:56:49.149939+00:00,2026-09-10,projected_or_reconstructed,forecast_or_neutral,665926,822768,680694.0,205,Andrés Giménez,Toronto Blue Jays,Baltimore Orioles,Kyle Bradish,8,Rogers Centre,69.0,3.2,Weak,2.9,4.0,7.6,4.0,4.1,6.6,3.0,77.54,6.027298699999999,135.0,7.6,4.1,4.4,1.7,Pitcher vulnerability + Recent power,True
2026-09-12,2026-09-12T05:56:49.149939+00:00,2026-09-10,projected_or_reconstructed,forecast_or_neutral,666126,824955,693433.0,206,Carlos Cortes,Athletics,Seattle Mariners,Bryan Woo,8,Sutter Health Park,100.0,3.1,Weak,1.1,3.8,7.9,3.8,5.5,6.8,3.0,84.02,15.3478637,233.0,8.2,4.1,2.0,1.4,Recent power + Pitcher vulnerability,True
2026-09-12,2026-09-12T05:56:49.149939+00:00,2026-09-10,projected_or_reconstructed,forecast_or_neutral,664023,824630,694973.0,207,Ian Happ,Chicago Cubs,Pittsburgh Pirates,Paul Skenes,5,Wrigley Field,107.0,3.1,Weak,3.1,5.4,5.0,5.4,5.8,6.0,6.0,86.18,9.1962908,241.0,3.4,5.2,1.5,3.9,Weather + Lineup context,True
2026-09-12,2026-09-12T05:56:49.149939+00:00,2026-09-10,projected_or_reconstructed,forecast_or_neutral,686611,822685,700712.0,208,Dylan Crews,Washington Nationals,Los Angeles Angels,Walbert Ureña,5,Nationals Park,105.0,3.1,Weak,5.1,3.5,2.5,3.5,5.7,6.6,6.0,82.75999999999999,6.8972181,119.0,6.8,3.7,5.8,7.1,Recent power + Weather,True
2026-09-12,2026-09-12T05:56:49.149939+00:00,2026-09-10,projected_or_reconstructed,forecast_or_neutral,595978,823657,687570.0,209,Austin Hedges,Cleveland Guardians,Minnesota Twins,Connor Prielipp,8,Target Field,113.0,3.0,Weak,1.3,4.5,7.0,4.5,6.1,6.8,3.0,73.94,12.924516800000001,307.0,3.4,1.3,2.1,1.2,Pitcher vulnerability + Weather,True
2026-09-12,2026-09-12T05:56:49.149939+00:00,2026-09-10,projected_or_reconstructed,forecast_or_neutral,669397,822927,693855.0,210,Nick Allen,Houston Astros,Tampa Bay Rays,Ian Seymour,9,Tropicana Field,107.0,3.0,Weak,1.5,2.6,9.9,2.6,5.8,5.8,2.0,86.53999999999999,2.485484,333.0,3.4,5.3,9.6,2.9,Pitcher vulnerability + Ballpark,True
2026-09-12,2026-09-12T05:56:49.149939+00:00,2026-09-10,projected_or_reconstructed,forecast_or_neutral,691023,823009,656794.0,211,Jordan Walker,St. Louis Cardinals,Chicago White Sox,Sean Newcomb,3,Busch Stadium,70.0,3.0,Weak,6.5,5.9,1.3,5.9,4.2,5.9,8.0,89.6,3.9146373,204.0,3.4,6.9,9.1,7.5,Lineup context + Hitter skill,True
2026-09-12,2026-09-12T05:56:49.149939+00:00,2026-09-10,projected_or_reconstructed,forecast_or_neutral,595879,824224,685299.0,212,Javier Báez,Detroit Tigers,Colorado Rockies,Tanner Gordon,9,Comerica Park,100.0,2.9,Weak,2.0,1.4,9.5,1.4,5.5,6.7,2.0,80.6,8.7613311,220.0,3.4,4.6,7.3,2.0,Pitcher vulnerability + Weather,True
2026-09-12,2026-09-12T05:56:49.149939+00:00,2026-09-10,projected_or_reconstructed,forecast_or_neutral,663586,824870,,213,Austin Riley,Atlanta Braves,Philadelphia Phillies,TBD,7,Truist Park,100.0,2.9,Weak,3.2,5.5,5.5,5.5,5.5,6.5,4.0,78.98,3.4175405,157.0,3.4,6.2,3.7,4.7,Weather + Pitcher vulnerability,True
2026-09-12,2026-09-12T05:56:49.149939+00:00,2026-09-10,projected_or_reconstructed,forecast_or_neutral,573262,824870,,214,Mike Yastrzemski,Atlanta Braves,Philadelphia Phillies,TBD,8,Truist Park,100.0,2.9,Weak,3.2,5.5,5.5,5.5,5.5,6.5,3.0,78.98,3.4175405,157.0,3.4,3.8,5.3,8.9,Weather + Pitcher vulnerability,True
2026-09-12,2026-09-12T05:56:49.149939+00:00,2026-09-10,projected_or_reconstructed,forecast_or_neutral,671056,823009,656794.0,215,Iván Herrera,St. Louis Cardinals,Chicago White Sox,Sean Newcomb,2,Busch Stadium,70.0,2.8,Weak,6.7,3.7,1.3,3.7,4.2,5.9,9.0,89.6,3.9146373,204.0,5.9,2.8,4.3,6.5,Lineup context + Hitter skill,True
2026-09-12,2026-09-12T05:56:49.149939+00:00,2026-09-10,projected_or_reconstructed,forecast_or_neutral,687093,822685,674841.0,216,Vaughn Grissom,Los Angeles Angels,Washington Nationals,Andrew Alvarez,4,Nationals Park,105.0,2.8,Weak,3.8,5.4,2.8,5.4,5.7,6.6,7.0,82.75999999999999,6.8972181,119.0,3.4,5.4,2.2,2.2,Lineup context + Weather,True
2026-09-12,2026-09-12T05:56:49.149939+00:00,2026-09-10,projected_or_reconstructed,forecast_or_neutral,693304,824630,605280.0,217,Nick Gonzales,Pittsburgh Pirates,Chicago Cubs,Clay Holmes,6,Wrigley Field,107.0,2.8,Weak,4.6,2.8,3.8,2.8,5.8,6.0,5.0,86.18,9.1962908,241.0,3.4,4.4,2.7,3.7,Weather + Ballpark,True
2026-09-12,2026-09-12T05:56:49.149939+00:00,2026-09-10,projected_or_reconstructed,forecast_or_neutral,621493,824955,695611.0,218,Taylor Ward,Seattle Mariners,Athletics,Gage Jump,7,Sutter Health Park,100.0,2.7,Weak,3.0,2.4,5.7,2.4,5.5,6.8,4.0,84.02,15.3478637,233.0,3.4,2.4,1.5,4.6,Weather + Pitcher vulnerability,True
2026-09-12,2026-09-12T05:56:49.149939+00:00,2026-09-10,projected_or_reconstructed,forecast_or_neutral,805367,823009,681517.0,219,Chase Meidroth,Chicago White Sox,St. Louis Cardinals,Kyle Leahy,1,Busch Stadium,70.0,2.7,Weak,5.4,3.0,3.1,3.0,4.2,5.9,10.0,89.6,3.9146373,204.0,3.4,2.3,3.2,5.5,Lineup context + Weather,True
2026-09-12,2026-09-12T05:56:49.149939+00:00,2026-09-10,projected_or_reconstructed,forecast_or_neutral,663538,824630,694973.0,220,Nico Hoerner,Chicago Cubs,Pittsburgh Pirates,Paul Skenes,6,Wrigley Field,107.0,2.7,Weak,2.8,4.0,5.0,4.0,5.8,6.0,5.0,86.18,9.1962908,241.0,3.4,2.1,5.2,4.4,Weather + Ballpark,True
2026-09-12,2026-09-12T05:56:49.149939+00:00,2026-09-10,projected_or_reconstructed,forecast_or_neutral,687637,822768,693686.0,221,Dylan Beavers,Baltimore Orioles,Toronto Blue Jays,Spencer Miles,1,Rogers Centre,69.0,2.6,Weak,3.7,8.4,1.8,8.4,4.1,6.6,10.0,77.54,6.027298699999999,135.0,3.4,8.2,3.3,3.6,Lineup context + Pitch-type matchup,True
2026-09-12,2026-09-12T05:56:49.149939+00:00,2026-09-10,projected_or_reconstructed,forecast_or_neutral,691781,822685,700712.0,222,Brady House,Washington Nationals,Los Angeles Angels,Walbert Ureña,3,Nationals Park,105.0,2.6,Weak,3.8,4.7,2.5,4.7,5.7,6.6,8.0,82.75999999999999,6.8972181,119.0,3.4,8.8,7.9,7.5,Lineup context + Weather,True
2026-09-12,2026-09-12T05:56:49.149939+00:00,2026-09-10,projected_or_reconstructed,forecast_or_neutral,642215,824955,695611.0,223,Weston Wilson,Seattle Mariners,Athletics,Gage Jump,9,Sutter Health Park,100.0,2.6,Weak,2.1,4.6,5.7,4.6,5.5,6.8,2.0,84.02,15.3478637,233.0,3.4,1.7,1.6,1.9,Weather + Pitcher vulnerability,True
2026-09-12,2026-09-12T05:56:49.149939+00:00,2026-09-10,projected_or_reconstructed,forecast_or_neutral,679845,824712,624133.0,224,Nick Loftin,Kansas City Royals,Boston Red Sox,Ranger Suarez,7,Fenway Park,92.0,2.5,Poor,4.2,6.1,2.1,6.1,5.1,6.7,4.0,73.75999999999999,9.6312505,77.0,3.4,3.9,1.8,4.6,Weather + Pitch-type matchup,True
2026-09-12,2026-09-12T05:56:49.149939+00:00,2026-09-10,projected_or_reconstructed,forecast_or_neutral,647304,824955,695611.0,225,Josh Naylor,Seattle Mariners,Athletics,Gage Jump,6,Sutter Health Park,100.0,2.5,Poor,2.3,2.5,5.7,2.5,5.5,6.8,5.0,84.02,15.3478637,233.0,3.4,1.7,9.3,2.4,Weather + Pitcher vulnerability,True
2026-09-12,2026-09-12T05:56:49.149939+00:00,2026-09-10,projected_or_reconstructed,forecast_or_neutral,702616,822768,693686.0,226,Jackson Holliday,Baltimore Orioles,Toronto Blue Jays,Spencer Miles,3,Rogers Centre,69.0,2.5,Poor,5.5,3.9,1.8,3.9,4.1,6.6,8.0,77.54,6.027298699999999,135.0,3.4,4.3,5.7,2.6,Lineup context + Weather,True
2026-09-12,2026-09-12T05:56:49.149939+00:00,2026-09-10,projected_or_reconstructed,forecast_or_neutral,694212,822768,693686.0,227,Samuel Basallo,Baltimore Orioles,Toronto Blue Jays,Spencer Miles,6,Rogers Centre,69.0,2.4,Poor,4.3,7.9,1.8,7.9,4.1,6.6,5.0,77.54,6.027298699999999,135.0,3.4,8.6,4.9,5.8,Pitch-type matchup + Weather,True
2026-09-12,2026-09-12T05:56:49.149939+00:00,2026-09-10,projected_or_reconstructed,forecast_or_neutral,804606,824630,605280.0,228,Konnor Griffin,Pittsburgh Pirates,Chicago Cubs,Clay Holmes,1,Wrigley Field,107.0,2.4,Poor,3.5,2.0,3.8,2.0,5.8,6.0,10.0,86.18,9.1962908,241.0,3.4,4.4,7.8,2.3,Lineup context + Weather,True
2026-09-12,2026-09-12T05:56:49.149939+00:00,2026-09-10,projected_or_reconstructed,forecast_or_neutral,695731,823009,681517.0,229,Braden Montgomery,Chicago White Sox,St. Louis Cardinals,Kyle Leahy,7,Busch Stadium,70.0,2.4,Poor,5.5,3.1,3.1,3.1,4.2,5.9,4.0,89.6,3.9146373,204.0,3.4,4.0,6.7,6.6,Weather + Hitter skill,True
2026-09-12,2026-09-12T05:56:49.149939+00:00,2026-09-10,projected_or_reconstructed,forecast_or_neutral,700337,823009,681517.0,230,Edgar Quero,Chicago White Sox,St. Louis Cardinals,Kyle Leahy,5,Busch Stadium,70.0,2.3,Poor,4.2,3.6,3.1,3.6,4.2,5.9,6.0,89.6,3.9146373,204.0,8.7,2.9,10.0,8.3,Recent power + Lineup context,True
2026-09-12,2026-09-12T05:56:49.149939+00:00,2026-09-10,projected_or_reconstructed,forecast_or_neutral,699115,823737,,231,Carlos Jorge,Cincinnati Reds,Milwaukee Brewers,TBD,7,American Family Field,88.0,2.3,Poor,1.6,5.5,5.5,5.5,5.0,6.7,4.0,82.4,9.8797989,288.0,3.4,9.4,3.0,4.1,Weather + Pitcher vulnerability,True
2026-09-12,2026-09-12T05:56:49.149939+00:00,2026-09-10,projected_or_reconstructed,forecast_or_neutral,608348,824630,694973.0,232,Carson Kelly,Chicago Cubs,Pittsburgh Pirates,Paul Skenes,9,Wrigley Field,107.0,2.3,Poor,2.4,4.1,5.0,4.1,5.8,6.0,2.0,86.18,9.1962908,241.0,3.4,4.8,5.4,3.0,Weather + Ballpark,True
2026-09-12,2026-09-12T05:56:49.149939+00:00,2026-09-10,projected_or_reconstructed,forecast_or_neutral,695670,822685,700712.0,233,Harry Ford,Washington Nationals,Los Angeles Angels,Walbert Ureña,7,Nationals Park,105.0,2.2,Poor,3.4,5.0,2.5,5.0,5.7,6.6,4.0,82.75999999999999,6.8972181,119.0,3.4,7.4,2.0,2.0,Weather + Ballpark,True
2026-09-12,2026-09-12T05:56:49.149939+00:00,2026-09-10,projected_or_reconstructed,forecast_or_neutral,670231,824712,624133.0,234,John Rave,Kansas City Royals,Boston Red Sox,Ranger Suarez,6,Fenway Park,92.0,2.2,Poor,2.6,5.4,2.1,5.4,5.1,6.7,5.0,73.75999999999999,9.6312505,77.0,9.4,3.1,2.7,3.3,Recent power + Weather,True
2026-09-12,2026-09-12T05:56:49.149939+00:00,2026-09-10,projected_or_reconstructed,forecast_or_neutral,694497,825035,694297.0,235,Evan Carter,Texas Rangers,Arizona Diamondbacks,Brandon Pfaadt,6,Chase Field,213.0,2.2,Poor,1.4,2.7,4.4,2.7,10.0,4.8,5.0,103.64,5.4059276999999994,240.0,7.9,3.8,2.9,2.3,Ballpark + Recent power,True
2026-09-12,2026-09-12T05:56:49.149939+00:00,2026-09-10,projected_or_reconstructed,forecast_or_neutral,682663,823819,607192.0,236,Agustín Ramírez,Miami Marlins,Los Angeles Dodgers,Tyler Glasnow,5,loanDepot park,135.0,2.1,Poor,3.6,1.4,1.3,1.4,7.1,6.6,6.0,84.56,8.077823,93.0,7.9,2.2,1.7,1.1,Recent power + Ballpark,True
2026-09-12,2026-09-12T05:56:49.149939+00:00,2026-09-10,projected_or_reconstructed,forecast_or_neutral,668885,823657,682982.0,237,Austin Martin,Minnesota Twins,Cleveland Guardians,Daniel Espino,8,Target Field,113.0,2.1,Poor,1.7,1.4,5.4,1.4,6.1,6.8,3.0,73.94,12.924516800000001,307.0,3.4,6.5,8.8,3.8,Weather + Ballpark,True
2026-09-12,2026-09-12T05:56:49.149939+00:00,2026-09-10,projected_or_reconstructed,forecast_or_neutral,656537,824870,641816.0,238,Derek Hill,Philadelphia Phillies,Atlanta Braves,Tyler Mahle,9,Truist Park,100.0,2.1,Poor,1.5,6.1,4.1,6.1,5.5,6.5,2.0,78.98,3.4175405,157.0,8.6,6.8,8.5,1.6,Recent power + Weather,True
2026-09-12,2026-09-12T05:56:49.149939+00:00,2026-09-10,projected_or_reconstructed,forecast_or_neutral,669392,823170,702885.0,239,Samad Taylor,San Diego Padres,San Francisco Giants,Cesar Perdomo,7,Oracle Park,139.0,2.0,Poor,1.3,1.4,6.0,1.4,7.3,6.2,4.0,67.64,18.9518155,287.0,3.4,3.1,1.4,1.0,Ballpark + Weather,True
2026-09-12,2026-09-12T05:56:49.149939+00:00,2026-09-10,projected_or_reconstructed,forecast_or_neutral,802415,822927,663567.0,240,Chandler Simpson,Tampa Bay Rays,Houston Astros,Peter Lambert,6,Tropicana Field,107.0,2.0,Poor,1.7,1.4,6.6,1.4,5.8,5.8,5.0,86.53999999999999,2.485484,333.0,3.4,1.3,1.2,1.5,Pitcher vulnerability + Ballpark,True
2026-09-12,2026-09-12T05:56:49.149939+00:00,2026-09-10,projected_or_reconstructed,forecast_or_neutral,702332,824712,677976.0,241,Caleb Durbin,Boston Red Sox,Kansas City Royals,Randy Dobnak,7,Fenway Park,92.0,2.0,Poor,1.2,6.3,4.7,6.3,5.1,6.7,4.0,73.75999999999999,9.6312505,77.0,3.4,2.3,2.4,1.5,Weather + Pitch-type matchup,True
2026-09-12,2026-09-12T05:56:49.149939+00:00,2026-09-10,projected_or_reconstructed,forecast_or_neutral,806198,823737,663903.0,242,Cooper Pratt,Milwaukee Brewers,Cincinnati Reds,Brady Singer,7,American Family Field,88.0,1.9,Poor,1.7,1.9,6.3,1.9,5.0,6.7,4.0,82.4,9.8797989,288.0,3.4,1.3,1.6,1.8,Weather + Pitcher vulnerability,True
2026-09-12,2026-09-12T05:56:49.149939+00:00,2026-09-10,projected_or_reconstructed,forecast_or_neutral,670032,825035,694297.0,243,Nicky Lopez,Texas Rangers,Arizona Diamondbacks,Brandon Pfaadt,8,Chase Field,213.0,1.9,Poor,2.3,1.4,4.4,1.4,10.0,4.8,3.0,103.64,5.4059276999999994,240.0,3.4,1.3,3.6,1.2,Ballpark + Weather,True
2026-09-12,2026-09-12T05:56:49.149939+00:00,2026-09-10,projected_or_reconstructed,forecast_or_neutral,694203,822685,674841.0,244,Denzer Guzman,Los Angeles Angels,Washington Nationals,Andrew Alvarez,8,Nationals Park,105.0,1.9,Poor,1.9,4.4,2.8,4.4,5.7,6.6,3.0,82.75999999999999,6.8972181,119.0,8.5,8.4,4.0,2.4,Recent power + Weather,True
2026-09-12,2026-09-12T05:56:49.149939+00:00,2026-09-10,projected_or_reconstructed,forecast_or_neutral,596115,824712,677976.0,245,Trevor Story,Boston Red Sox,Kansas City Royals,Randy Dobnak,5,Fenway Park,92.0,1.8,Poor,2.4,1.4,4.7,1.4,5.1,6.7,6.0,73.75999999999999,9.6312505,77.0,3.4,5.0,2.9,1.9,Weather + Lineup context,True
2026-09-12,2026-09-12T05:56:49.149939+00:00,2026-09-10,projected_or_reconstructed,forecast_or_neutral,650559,824870,641816.0,246,Bryan De La Cruz,Philadelphia Phillies,Atlanta Braves,Tyler Mahle,7,Truist Park,100.0,1.8,Poor,1.5,5.3,4.1,5.3,5.5,6.5,4.0,78.98,3.4175405,157.0,3.4,3.8,8.9,3.7,Weather + Ballpark,True
2026-09-12,2026-09-12T05:56:49.149939+00:00,2026-09-10,projected_or_reconstructed,forecast_or_neutral,664728,824712,624133.0,247,Kyle Isbel,Kansas City Royals,Boston Red Sox,Ranger Suarez,8,Fenway Park,92.0,1.8,Poor,3.8,3.2,2.1,3.2,5.1,6.7,3.0,73.75999999999999,9.6312505,77.0,3.4,5.1,3.5,3.4,Weather + Ballpark,True
2026-09-12,2026-09-12T05:56:49.149939+00:00,2026-09-10,projected_or_reconstructed,forecast_or_neutral,696285,822685,700712.0,248,Jacob Young,Washington Nationals,Los Angeles Angels,Walbert Ureña,9,Nationals Park,105.0,1.7,Poor,3.7,2.3,2.5,2.3,5.7,6.6,2.0,82.75999999999999,6.8972181,119.0,3.4,1.8,1.9,4.1,Weather + Ballpark,True
2026-09-12,2026-09-12T05:56:49.149939+00:00,2026-09-10,projected_or_reconstructed,forecast_or_neutral,622761,822927,663567.0,249,Jorge Mateo,Tampa Bay Rays,Houston Astros,Peter Lambert,9,Tropicana Field,107.0,1.7,Poor,1.2,1.4,6.6,1.4,5.8,5.8,2.0,86.53999999999999,2.485484,333.0,3.4,6.7,3.4,3.3,Pitcher vulnerability + Ballpark,True
2026-09-12,2026-09-12T05:56:49.149939+00:00,2026-09-10,projected_or_reconstructed,forecast_or_neutral,666139,822685,674841.0,250,Josh Lowe,Los Angeles Angels,Washington Nationals,Andrew Alvarez,7,Nationals Park,105.0,1.7,Poor,1.3,4.3,2.8,4.3,5.7,6.6,4.0,82.75999999999999,6.8972181,119.0,8.6,4.5,2.0,2.9,Recent power + Weather,True
2026-09-12,2026-09-12T05:56:49.149939+00:00,2026-09-10,projected_or_reconstructed,forecast_or_neutral,592663,824870,641816.0,251,J.T. Realmuto,Philadelphia Phillies,Atlanta Braves,Tyler Mahle,8,Truist Park,100.0,1.6,Poor,2.2,3.3,4.1,3.3,5.5,6.5,3.0,78.98,3.4175405,157.0,3.4,6.0,3.6,5.3,Weather + Ballpark,True
2026-09-12,2026-09-12T05:56:49.149939+00:00,2026-09-10,projected_or_reconstructed,forecast_or_neutral,669707,824630,605280.0,252,Jared Triolo,Pittsburgh Pirates,Chicago Cubs,Clay Holmes,8,Wrigley Field,107.0,1.6,Poor,1.6,4.3,3.8,4.3,5.8,6.0,3.0,86.18,9.1962908,241.0,3.4,1.8,4.9,3.1,Weather + Ballpark,True
2026-09-12,2026-09-12T05:56:49.149939+00:00,2026-09-10,projected_or_reconstructed,forecast_or_neutral,685133,822685,674841.0,253,Wade Meckler,Los Angeles Angels,Washington Nationals,Andrew Alvarez,3,Nationals Park,105.0,1.6,Poor,2.6,1.4,2.8,1.4,5.7,6.6,8.0,82.75999999999999,6.8972181,119.0,3.4,1.9,6.6,5.2,Lineup context + Weather,True
2026-09-12,2026-09-12T05:56:49.149939+00:00,2026-09-10,projected_or_reconstructed,forecast_or_neutral,668670,823009,681517.0,254,Jake Rogers,Chicago White Sox,St. Louis Cardinals,Kyle Leahy,8,Busch Stadium,70.0,1.5,Poor,2.7,5.7,3.1,5.7,4.2,5.9,3.0,89.6,3.9146373,204.0,3.4,7.2,5.0,5.7,Weather + Pitch-type matchup,True
2026-09-12,2026-09-12T05:56:49.149939+00:00,2026-09-10,projected_or_reconstructed,forecast_or_neutral,678662,824224,808825.0,255,Ezequiel Tovar,Colorado Rockies,Detroit Tigers,Andrew Sears,9,Comerica Park,100.0,1.5,Poor,1.4,4.9,3.4,4.9,5.5,6.7,2.0,80.6,8.7613311,220.0,3.4,9.9,5.1,1.5,Weather + Ballpark,True
2026-09-12,2026-09-12T05:56:49.149939+00:00,2026-09-10,projected_or_reconstructed,forecast_or_neutral,665877,823009,656794.0,256,José Fermín,St. Louis Cardinals,Chicago White Sox,Sean Newcomb,1,Busch Stadium,70.0,1.5,Poor,4.0,2.6,1.3,2.6,4.2,5.9,10.0,89.6,3.9146373,204.0,3.4,2.5,7.1,6.7,Lineup context + Weather,True
2026-09-12,2026-09-12T05:56:49.149939+00:00,2026-09-10,projected_or_reconstructed,forecast_or_neutral,695681,822685,674841.0,257,Christian Moore,Los Angeles Angels,Washington Nationals,Andrew Alvarez,6,Nationals Park,105.0,1.4,Avoid,2.2,2.3,2.8,2.3,5.7,6.6,5.0,82.75999999999999,6.8972181,119.0,3.4,4.7,3.3,4.2,Weather + Ballpark,True
2026-09-12,2026-09-12T05:56:49.149939+00:00,2026-09-10,projected_or_reconstructed,forecast_or_neutral,683002,822768,693686.0,258,Gunnar Henderson,Baltimore Orioles,Toronto Blue Jays,Spencer Miles,5,Rogers Centre,69.0,1.4,Avoid,3.1,4.2,1.8,4.2,4.1,6.6,6.0,77.54,6.027298699999999,135.0,3.4,2.6,2.3,1.7,Weather + Lineup context,True
2026-09-12,2026-09-12T05:56:49.149939+00:00,2026-09-10,projected_or_reconstructed,forecast_or_neutral,678391,822685,700712.0,259,Jorbit Vivas,Washington Nationals,Los Angeles Angels,Walbert Ureña,8,Nationals Park,105.0,1.4,Avoid,2.0,3.3,2.5,3.3,5.7,6.6,3.0,82.75999999999999,6.8972181,119.0,3.4,3.4,1.7,4.3,Weather + Ballpark,True
2026-09-12,2026-09-12T05:56:49.149939+00:00,2026-09-10,projected_or_reconstructed,forecast_or_neutral,643396,824712,677976.0,260,Isiah Kiner-Falefa,Boston Red Sox,Kansas City Royals,Randy Dobnak,9,Fenway Park,92.0,1.3,Avoid,1.4,2.1,4.7,2.1,5.1,6.7,2.0,73.75999999999999,9.6312505,77.0,3.4,2.4,4.2,1.6,Weather + Ballpark,True
2026-09-12,2026-09-12T05:56:49.149939+00:00,2026-09-10,projected_or_reconstructed,forecast_or_neutral,691858,823819,607192.0,261,Jared Serna,Miami Marlins,Los Angeles Dodgers,Tyler Glasnow,8,loanDepot park,135.0,1.3,Avoid,2.6,1.4,1.3,1.4,7.1,6.6,3.0,84.56,8.077823,93.0,3.4,7.0,9.9,4.0,Ballpark + Weather,True
2026-09-12,2026-09-12T05:56:49.149939+00:00,2026-09-10,projected_or_reconstructed,forecast_or_neutral,687859,824224,808825.0,262,Troy Johnston,Colorado Rockies,Detroit Tigers,Andrew Sears,7,Comerica Park,100.0,1.3,Avoid,1.0,3.5,3.4,3.5,5.5,6.7,4.0,80.6,8.7613311,220.0,3.4,3.0,3.0,1.4,Weather + Ballpark,True
2026-09-12,2026-09-12T05:56:49.149939+00:00,2026-09-10,projected_or_reconstructed,forecast_or_neutral,663968,824630,605280.0,263,Jake Mangum,Pittsburgh Pirates,Chicago Cubs,Clay Holmes,7,Wrigley Field,107.0,1.2,Avoid,1.1,2.2,3.8,2.2,5.8,6.0,4.0,86.18,9.1962908,241.0,3.4,1.3,1.2,1.3,Weather + Ballpark,True
2026-09-12,2026-09-12T05:56:49.149939+00:00,2026-09-10,projected_or_reconstructed,forecast_or_neutral,686555,824712,624133.0,264,Isaac Collins,Kansas City Royals,Boston Red Sox,Ranger Suarez,9,Fenway Park,92.0,1.2,Avoid,2.5,3.1,2.1,3.1,5.1,6.7,2.0,73.75999999999999,9.6312505,77.0,3.4,2.5,2.5,4.3,Weather + Ballpark,True
2026-09-12,2026-09-12T05:56:49.149939+00:00,2026-09-10,projected_or_reconstructed,forecast_or_neutral,624428,822685,674841.0,265,Adam Frazier,Los Angeles Angels,Washington Nationals,Andrew Alvarez,9,Nationals Park,105.0,1.2,Avoid,1.8,1.4,2.8,1.4,5.7,6.6,2.0,82.75999999999999,6.8972181,119.0,3.4,2.0,1.2,1.9,Weather + Ballpark,True
2026-09-12,2026-09-12T05:56:49.149939+00:00,2026-09-10,projected_or_reconstructed,forecast_or_neutral,687597,824224,808825.0,266,Jordan Beck,Colorado Rockies,Detroit Tigers,Andrew Sears,8,Comerica Park,100.0,1.1,Avoid,1.0,1.4,3.4,1.4,5.5,6.7,3.0,80.6,8.7613311,220.0,3.4,3.9,2.9,1.4,Weather + Ballpark,True
2026-09-12,2026-09-12T05:56:49.149939+00:00,2026-09-10,projected_or_reconstructed,forecast_or_neutral,691026,823009,656794.0,267,Masyn Winn,St. Louis Cardinals,Chicago White Sox,Sean Newcomb,8,Busch Stadium,70.0,1.1,Avoid,2.9,2.1,1.3,2.1,4.2,5.9,3.0,89.6,3.9146373,204.0,7.6,4.2,2.3,4.7,Recent power + Weather,True
2026-09-12,2026-09-12T05:56:49.149939+00:00,2026-09-10,projected_or_reconstructed,forecast_or_neutral,682668,823009,681517.0,268,Luisangel Acuña,Chicago White Sox,St. Louis Cardinals,Kyle Leahy,9,Busch Stadium,70.0,1.1,Avoid,2.1,1.4,3.1,1.4,4.2,5.9,2.0,89.6,3.9146373,204.0,3.4,1.3,8.8,4.8,Weather + Ballpark,True
2026-09-12,2026-09-12T05:56:49.149939+00:00,2026-09-10,projected_or_reconstructed,forecast_or_neutral,701675,823009,656794.0,269,Nathan Church,St. Louis Cardinals,Chicago White Sox,Sean Newcomb,9,Busch Stadium,70.0,1.0,Avoid,2.7,2.5,1.3,2.5,4.2,5.9,2.0,89.6,3.9146373,204.0,3.4,2.5,6.8,2.5,Weather + Ballpark,True
2026-09-12,2026-09-12T05:56:49.149939+00:00,2026-09-10,projected_or_reconstructed,forecast_or_neutral,677008,822768,693686.0,270,Heston Kjerstad,Baltimore Orioles,Toronto Blue Jays,Spencer Miles,8,Rogers Centre,69.0,1.0,Avoid,1.9,1.4,1.8,1.4,4.1,6.6,3.0,77.54,6.027298699999999,135.0,3.4,1.3,1.0,4.7,Weather + Ballpark,True
