model_rank,batter_name,team,opponent,opposing_pitcher,lineup_slot,venue,park_hr_factor,hr_rating,rating,baseline_rating,matchup_rating,pitcher_vulnerability_rating,pitch_matchup_edge_rating,park_rating,weather_rating,lineup_context_rating,weather_temperature_f,weather_wind_mph,weather_wind_direction_deg,recent_power_rating,barrel_rating,contact_quality_rating,exit_velocity_rating,key_factors,expected_lineup,input_model_rank,v2_score,ranking_score,v2_rank
1,Joshua Báez,St. Louis Cardinals,Colorado Rockies,Tanner Gordon,6,Coors Field,207,10.0,Elite,7.9,9.9,9.0,9.9,10.0,5.9,5.0,87.26,4.349597,46.0,9.7,6.0,7.0,8.6,Ballpark + Pitch-type matchup,False,4,0.8241666666666666,0.8241666666666666,1
2,Ronald Acuña Jr.,Atlanta Braves,Philadelphia Phillies,Aaron Nola,2,Citizens Bank Park,115,10.0,Elite,9.6,8.4,8.4,8.4,6.2,6.6,9.0,77.18,5.530201900000001,24.0,8.9,7.4,5.5,7.8,Hitter skill + Lineup context,False,1,0.818888888888889,0.818888888888889,2
3,Daylen Lile,Washington Nationals,Los Angeles Dodgers,Justin Wrobleski,6,UNIQLO Field at Dodger Stadium,124,9.9,Elite,8.5,7.5,9.3,7.5,6.6,5.5,5.0,,,,9.4,9.5,8.2,8.3,Recent power + Pitcher vulnerability,False,10,0.8144444444444444,0.8144444444444444,3
4,Tyler Stephenson,Cincinnati Reds,Milwaukee Brewers,Kyle Harrison,4,Great American Ball Park,81,9.9,Elite,8.4,7.3,9.9,7.3,4.6,6.6,7.0,78.25999999999999,8.2642343,50.0,9.2,9.9,8.2,4.8,Pitcher vulnerability + Recent power,False,9,0.8138888888888889,0.8138888888888889,4
5,Corey Seager,Texas Rangers,Tampa Bay Rays,Ian Seymour,2,Globe Life Field,94,9.9,Elite,9.0,8.2,8.1,8.2,5.2,5.3,9.0,96.08,3.9767744,72.0,6.9,8.8,9.5,9.4,Hitter skill + Lineup context,False,23,0.8069444444444446,0.8069444444444446,5
6,Alec Burleson,St. Louis Cardinals,Colorado Rockies,Tanner Gordon,3,Coors Field,207,9.8,Elite,10.0,7.3,9.0,7.3,10.0,5.9,8.0,87.26,4.349597,46.0,3.4,4.7,8.7,8.2,Hitter skill + Ballpark,False,3,0.8052777777777779,0.8052777777777779,6
7,Sal Stewart,Cincinnati Reds,Milwaukee Brewers,Kyle Harrison,3,Great American Ball Park,81,9.8,Elite,9.8,7.2,9.9,7.2,4.6,6.6,8.0,78.25999999999999,8.2642343,50.0,3.4,6.7,3.8,8.5,Pitcher vulnerability + Hitter skill,False,5,0.7997222222222223,0.7997222222222223,7
8,Jordan Walker,St. Louis Cardinals,Colorado Rockies,Tanner Gordon,4,Coors Field,207,9.8,Elite,7.8,7.7,9.0,7.7,10.0,5.9,7.0,87.26,4.349597,46.0,5.9,9.6,9.6,8.8,Ballpark + Pitcher vulnerability,False,11,0.7986111111111112,0.7986111111111112,8
9,Pete Crow-Armstrong,Chicago Cubs,Miami Marlins,Tyler Phillips,1,loanDepot park,135,9.7,Elite,8.6,9.8,7.2,9.8,7.1,6.6,10.0,84.56,5.0331051,225.0,6.1,9.0,7.6,8.4,Lineup context + Pitch-type matchup,False,6,0.7952777777777778,0.7952777777777778,9
10,Bobby Witt Jr.,Kansas City Royals,Toronto Blue Jays,Spencer Arrighetti,2,Kauffman Stadium,168,9.7,Elite,9.2,7.0,8.7,7.0,8.6,5.3,9.0,92.12,2.7340324000000003,159.0,6.9,7.9,6.3,8.6,Hitter skill + Lineup context,False,8,0.7897222222222222,0.7897222222222222,10
11,Juan Brito,Cincinnati Reds,Milwaukee Brewers,Kyle Harrison,8,Great American Ball Park,81,9.7,Elite,9.3,10.0,9.9,10.0,4.6,6.6,3.0,78.25999999999999,8.2642343,50.0,9.6,1.5,1.2,3.0,Pitch-type matchup + Pitcher vulnerability,False,2,0.7869444444444444,0.7869444444444444,11
12,Eugenio Suárez,Cincinnati Reds,Milwaukee Brewers,Kyle Harrison,5,Great American Ball Park,81,9.6,Elite,6.3,9.4,9.9,9.4,4.6,6.6,6.0,78.25999999999999,8.2642343,50.0,9.5,4.8,8.8,7.3,Pitcher vulnerability + Recent power,False,27,0.7841666666666667,0.7841666666666667,12
13,Leo Bernal,St. Louis Cardinals,Colorado Rockies,Tanner Gordon,5,Coors Field,207,9.6,Elite,6.4,9.3,9.0,9.3,10.0,5.9,6.0,87.26,4.349597,46.0,6.9,6.2,9.8,10.0,Ballpark + Pitch-type matchup,False,20,0.7825000000000001,0.7825000000000001,13
14,Fernando Tatis Jr.,San Diego Padres,New York Yankees,Gerrit Cole,1,Petco Park,105,9.6,Elite,9.1,8.3,6.3,8.3,5.7,5.5,10.0,,,,9.2,9.6,9.8,9.2,Lineup context + Recent power,False,25,0.7797222222222222,0.7797222222222222,14
15,Salvador Perez,Kansas City Royals,Toronto Blue Jays,Spencer Arrighetti,4,Kauffman Stadium,168,9.5,Elite,9.3,5.7,8.7,5.7,8.6,5.3,7.0,92.12,2.7340324000000003,159.0,7.5,9.3,8.5,6.5,Hitter skill + Pitcher vulnerability,False,13,0.7733333333333333,0.7733333333333333,15
16,Jake Burger,Texas Rangers,Tampa Bay Rays,Ian Seymour,6,Globe Life Field,94,9.5,Elite,9.8,8.2,8.1,8.2,5.2,5.3,5.0,96.08,3.9767744,72.0,3.4,9.0,6.6,6.9,Hitter skill + Pitch-type matchup,False,29,0.7697222222222223,0.7697222222222223,16
17,Christian Encarnacion-Strand,Baltimore Orioles,Boston Red Sox,Payton Tolle,4,Oriole Park at Camden Yards,110,9.5,Elite,8.8,8.7,6.6,8.7,6.0,6.5,7.0,78.98,4.8466938,34.0,8.2,9.9,8.1,7.6,Hitter skill + Pitch-type matchup,False,22,0.7641666666666667,0.7641666666666667,17
18,Vinnie Pasquantino,Kansas City Royals,Toronto Blue Jays,Spencer Arrighetti,3,Kauffman Stadium,168,9.4,Excellent,9.5,3.8,8.7,3.8,8.6,5.3,8.0,92.12,2.7340324000000003,159.0,6.9,8.5,9.7,9.5,Hitter skill + Pitcher vulnerability,False,18,0.7602777777777777,0.7602777777777777,18
19,Thomas Saggese,St. Louis Cardinals,Colorado Rockies,Tanner Gordon,8,Coors Field,207,9.4,Excellent,6.9,9.0,9.0,9.0,10.0,5.9,3.0,87.26,4.349597,46.0,9.9,9.2,3.1,6.1,Ballpark + Recent power,False,14,0.7566666666666667,0.7566666666666667,19
20,Elly De La Cruz,Cincinnati Reds,Milwaukee Brewers,Kyle Harrison,2,Great American Ball Park,81,9.4,Excellent,8.7,4.3,9.9,4.3,4.6,6.6,9.0,78.25999999999999,8.2642343,50.0,6.9,8.8,4.1,9.3,Pitcher vulnerability + Lineup context,False,19,0.7527777777777779,0.7527777777777779,20
21,Bo Bichette,New York Mets,San Francisco Giants,Cesar Perdomo,3,Citi Field,101,9.3,Excellent,9.0,5.2,9.6,5.2,5.5,6.5,8.0,73.58,3.728226,9.0,6.9,7.6,6.1,5.5,Pitcher vulnerability + Hitter skill,False,17,0.7519444444444444,0.7519444444444444,21
22,JJ Bleday,Cincinnati Reds,Milwaukee Brewers,Kyle Harrison,6,Great American Ball Park,81,9.3,Excellent,8.4,5.6,9.9,5.6,4.6,6.6,5.0,78.25999999999999,8.2642343,50.0,7.5,8.8,5.4,4.3,Pitcher vulnerability + Hitter skill,False,24,0.7413888888888889,0.7413888888888889,22
23,Riley Greene,Detroit Tigers,Cleveland Guardians,Gavin Williams,4,Progressive Field,60,9.3,Excellent,8.7,6.8,7.5,6.8,3.7,6.7,7.0,74.3,10.0662102,46.0,8.9,10.0,8.8,4.4,Recent power + Hitter skill,False,34,0.7372222222222221,0.7372222222222221,23
24,Harry Ford,Washington Nationals,Los Angeles Dodgers,Justin Wrobleski,7,UNIQLO Field at Dodger Stadium,124,9.2,Excellent,9.1,5.9,9.3,5.9,6.6,5.5,4.0,,,,8.0,8.7,2.1,2.8,Pitcher vulnerability + Hitter skill,False,12,0.7205555555555555,0.7205555555555555,24
25,Francisco Lindor,New York Mets,San Francisco Giants,Cesar Perdomo,1,Citi Field,101,9.2,Excellent,4.3,7.9,9.6,7.9,5.5,6.5,10.0,73.58,3.728226,9.0,8.8,7.9,7.2,9.6,Lineup context + Pitcher vulnerability,False,51,0.7205555555555555,0.7205555555555555,25
26,CJ Abrams,Washington Nationals,Los Angeles Dodgers,Justin Wrobleski,4,UNIQLO Field at Dodger Stadium,124,9.2,Excellent,9.7,7.0,9.3,7.0,6.6,5.5,7.0,,,,3.4,3.0,2.0,4.0,Hitter skill + Pitcher vulnerability,False,7,0.7158333333333333,0.7158333333333333,26
27,Manny Machado,San Diego Padres,New York Yankees,Gerrit Cole,3,Petco Park,105,9.1,Excellent,9.9,9.3,6.3,9.3,5.7,5.5,8.0,,,,6.9,2.9,6.5,3.4,Hitter skill + Pitch-type matchup,False,15,0.7152777777777779,0.7152777777777779,27
28,Ty France,San Diego Padres,New York Yankees,Gerrit Cole,4,Petco Park,105,9.1,Excellent,9.4,9.1,6.3,9.1,5.7,5.5,7.0,,,,6.9,3.6,5.9,6.8,Hitter skill + Pitch-type matchup,False,28,0.7141666666666668,0.7141666666666668,28
29,Nolan Gorman,St. Louis Cardinals,Colorado Rockies,Tanner Gordon,7,Coors Field,207,9.1,Excellent,8.5,5.8,9.0,5.8,10.0,5.9,4.0,87.26,4.349597,46.0,3.4,7.5,3.0,9.1,Ballpark + Pitcher vulnerability,False,26,0.7122222222222224,0.7122222222222224,29
30,Dylan Crews,Washington Nationals,Los Angeles Dodgers,Justin Wrobleski,2,UNIQLO Field at Dodger Stadium,124,9.0,Excellent,7.6,6.1,9.3,6.1,6.6,5.5,9.0,,,,3.4,4.8,7.3,7.2,Pitcher vulnerability + Lineup context,False,32,0.7027777777777778,0.7027777777777778,30
31,Justin Foscue,Texas Rangers,Tampa Bay Rays,Ian Seymour,3,Globe Life Field,94,9.0,Excellent,9.5,3.7,8.1,3.7,5.2,5.3,8.0,96.08,3.9767744,72.0,8.8,6.1,6.6,8.1,Hitter skill + Recent power,False,39,0.7027777777777778,0.7027777777777778,31
32,Ezequiel Duran,Texas Rangers,Tampa Bay Rays,Ian Seymour,1,Globe Life Field,94,9.0,Excellent,5.8,8.0,8.1,8.0,5.2,5.3,10.0,96.08,3.9767744,72.0,9.4,6.3,7.7,7.9,Lineup context + Recent power,False,53,0.6986111111111112,0.6986111111111112,32
33,Carson Benge,New York Mets,San Francisco Giants,Cesar Perdomo,4,Citi Field,101,8.9,Excellent,7.2,9.1,9.6,9.1,5.5,6.5,7.0,73.58,3.728226,9.0,3.4,2.8,3.4,2.3,Pitcher vulnerability + Pitch-type matchup,False,30,0.6961111111111111,0.6961111111111111,33
34,Nick Loftin,Kansas City Royals,Toronto Blue Jays,Spencer Arrighetti,6,Kauffman Stadium,168,8.9,Excellent,9.5,5.1,8.7,5.1,8.6,5.3,5.0,92.12,2.7340324000000003,159.0,8.0,3.0,1.8,7.1,Hitter skill + Pitcher vulnerability,False,16,0.6955555555555555,0.6955555555555555,34
35,Luis García Jr.,New York Yankees,San Diego Padres,Michael King,3,Petco Park,105,8.9,Excellent,9.2,9.6,5.1,9.6,5.7,5.5,8.0,,,,3.4,6.5,6.8,7.1,Pitch-type matchup + Hitter skill,False,38,0.6877777777777778,0.6877777777777778,35
36,Andrés Chaparro,Washington Nationals,Los Angeles Dodgers,Justin Wrobleski,3,UNIQLO Field at Dodger Stadium,124,8.8,Excellent,3.0,9.9,9.3,9.9,6.6,5.5,8.0,,,,3.4,7.0,9.1,9.5,Pitch-type matchup + Pitcher vulnerability,False,74,0.6811111111111112,0.6811111111111112,36
37,Logan O'Hoppe,Texas Rangers,Tampa Bay Rays,Ian Seymour,7,Globe Life Field,94,8.8,Excellent,7.5,6.3,8.1,6.3,5.2,5.3,4.0,96.08,3.9767744,72.0,3.4,6.1,9.3,9.7,Pitcher vulnerability + Hitter skill,False,66,0.6805555555555556,0.6805555555555556,37
38,Matt Olson,Atlanta Braves,Philadelphia Phillies,Aaron Nola,3,Citizens Bank Park,115,8.8,Excellent,6.1,7.7,8.4,7.7,6.2,6.6,8.0,77.18,5.530201900000001,24.0,3.4,7.8,6.5,7.3,Pitcher vulnerability + Lineup context,False,43,0.6797222222222223,0.6797222222222223,38
39,Héctor Rodríguez,Cincinnati Reds,Milwaukee Brewers,Kyle Harrison,9,Great American Ball Park,81,8.7,Excellent,2.1,10.0,9.9,10.0,4.6,6.6,2.0,78.25999999999999,8.2642343,50.0,6.3,7.3,9.5,8.9,Pitch-type matchup + Pitcher vulnerability,False,103,0.6769444444444445,0.6769444444444445,39
40,Matt McLain,Cincinnati Reds,Milwaukee Brewers,Kyle Harrison,7,Great American Ball Park,81,8.7,Excellent,8.0,3.5,9.9,3.5,4.6,6.6,4.0,78.25999999999999,8.2642343,50.0,9.7,6.7,4.4,3.4,Pitcher vulnerability + Recent power,False,36,0.6766666666666667,0.6766666666666667,40
41,Junior Caminero,Tampa Bay Rays,Texas Rangers,MacKenzie Gore,3,Globe Life Field,94,8.7,Excellent,6.8,8.8,6.0,8.8,5.2,5.3,8.0,96.08,3.9767744,72.0,6.1,7.1,9.0,9.9,Pitch-type matchup + Lineup context,False,71,0.6766666666666667,0.6766666666666667,41
42,Jackson Merrill,San Diego Padres,New York Yankees,Gerrit Cole,5,Petco Park,105,8.6,Excellent,8.6,7.0,6.3,7.0,5.7,5.5,6.0,,,,3.4,9.0,8.4,7.4,Hitter skill + Pitch-type matchup,False,50,0.6761111111111111,0.6761111111111111,42
43,Colt Keith,Detroit Tigers,Cleveland Guardians,Gavin Williams,3,Progressive Field,60,8.6,Excellent,6.9,7.4,7.5,7.4,3.7,6.7,8.0,74.3,10.0662102,46.0,3.4,7.5,8.0,8.6,Lineup context + Pitcher vulnerability,False,59,0.6761111111111111,0.6761111111111111,43
44,Yandy Díaz,Tampa Bay Rays,Texas Rangers,MacKenzie Gore,1,Globe Life Field,94,8.6,Excellent,9.6,4.8,6.0,4.8,5.2,5.3,10.0,96.08,3.9767744,72.0,6.1,7.5,8.6,8.7,Lineup context + Hitter skill,False,48,0.6755555555555556,0.6755555555555556,44
45,Iván Herrera,St. Louis Cardinals,Colorado Rockies,Tanner Gordon,2,Coors Field,207,8.5,Strong,7.4,5.1,9.0,5.1,10.0,5.9,9.0,87.26,4.349597,46.0,8.7,3.9,4.0,5.1,Ballpark + Pitcher vulnerability,False,21,0.6747222222222224,0.6747222222222224,45
46,Coby Mayo,Baltimore Orioles,Boston Red Sox,Payton Tolle,3,Oriole Park at Camden Yards,110,8.5,Strong,7.9,9.2,6.6,9.2,6.0,6.5,8.0,78.98,4.8466938,34.0,3.4,9.1,4.0,3.2,Pitch-type matchup + Lineup context,False,37,0.6733333333333333,0.6733333333333333,46
47,Juan Soto,New York Mets,San Francisco Giants,Cesar Perdomo,2,Citi Field,101,8.5,Strong,5.5,4.5,9.6,4.5,5.5,6.5,9.0,73.58,3.728226,9.0,7.8,8.0,5.6,9.6,Pitcher vulnerability + Lineup context,False,58,0.6711111111111111,0.6711111111111111,47
48,Drake Baldwin,Atlanta Braves,Philadelphia Phillies,Aaron Nola,1,Citizens Bank Park,115,8.4,Strong,7.9,3.3,8.4,3.3,6.2,6.6,10.0,77.18,5.530201900000001,24.0,3.4,8.2,7.8,9.0,Lineup context + Pitcher vulnerability,False,40,0.6686111111111112,0.6686111111111112,48
49,Dane Myers,Cincinnati Reds,Milwaukee Brewers,Kyle Harrison,1,Great American Ball Park,81,8.4,Strong,7.1,2.8,9.9,2.8,4.6,6.6,10.0,78.25999999999999,8.2642343,50.0,8.4,2.6,7.3,7.5,Lineup context + Pitcher vulnerability,False,41,0.6636111111111112,0.6636111111111112,49
50,Kyle Schwarber,Philadelphia Phillies,Atlanta Braves,Tyler Mahle,1,Citizens Bank Park,115,8.4,Strong,9.6,9.6,2.7,9.6,6.2,6.6,10.0,77.18,5.530201900000001,24.0,6.9,8.4,4.4,8.0,Lineup context + Hitter skill,False,33,0.6602777777777779,0.6602777777777779,50
51,Tristan Peters,Chicago White Sox,Minnesota Twins,Bailey Ober,7,Rate Field,69,8.3,Strong,9.7,8.9,3.9,8.9,4.1,5.5,4.0,,,,3.4,6.8,9.8,8.2,Hitter skill + Pitch-type matchup,False,65,0.6602777777777777,0.6602777777777777,51
52,Mark Vientos,New York Mets,San Francisco Giants,Cesar Perdomo,5,Citi Field,101,8.3,Strong,1.1,9.9,9.6,9.9,5.5,6.5,6.0,73.58,3.728226,9.0,9.9,7.2,7.3,8.4,Pitch-type matchup + Recent power,False,109,0.6555555555555554,0.6555555555555554,52
53,Ozzie Albies,Atlanta Braves,Philadelphia Phillies,Aaron Nola,6,Citizens Bank Park,115,8.3,Strong,7.5,6.2,8.4,6.2,6.2,6.6,5.0,77.18,5.530201900000001,24.0,6.9,2.3,4.8,5.7,Pitcher vulnerability + Hitter skill,False,35,0.6516666666666667,0.6516666666666667,53
54,Corbin Carroll,Arizona Diamondbacks,Houston Astros,Peter Lambert,5,Daikin Park,111,8.2,Strong,10.0,6.2,5.4,6.2,6.0,5.5,6.0,,,,3.4,5.1,5.8,9.1,Hitter skill + Pitch-type matchup,False,42,0.6461111111111111,0.6461111111111111,54
55,Austin Riley,Atlanta Braves,Philadelphia Phillies,Aaron Nola,8,Citizens Bank Park,115,8.2,Strong,9.7,2.4,8.4,2.4,6.2,6.6,3.0,77.18,5.530201900000001,24.0,7.8,5.5,4.0,4.5,Hitter skill + Pitcher vulnerability,False,31,0.645,0.645,55
56,James Wood,Washington Nationals,Los Angeles Dodgers,Justin Wrobleski,1,UNIQLO Field at Dodger Stadium,124,8.2,Strong,2.2,9.6,9.3,9.6,6.6,5.5,10.0,,,,3.4,6.7,6.4,9.9,Lineup context + Pitch-type matchup,False,90,0.6441666666666667,0.6441666666666667,56
57,Patrick Bailey,Cleveland Guardians,Detroit Tigers,Jackson Jobe,7,Progressive Field,60,8.1,Strong,5.4,7.8,7.8,7.8,3.7,6.7,4.0,74.3,10.0662102,46.0,8.5,5.8,5.7,8.0,Recent power + Pitcher vulnerability,False,87,0.6430555555555554,0.6430555555555554,57
58,Spencer Jones,New York Yankees,San Diego Padres,Michael King,4,Petco Park,105,8.1,Strong,7.7,8.0,5.1,8.0,5.7,5.5,7.0,,,,9.2,7.8,3.3,8.4,Recent power + Pitch-type matchup,False,54,0.6394444444444446,0.6394444444444446,58
59,Wyatt Langford,Texas Rangers,Tampa Bay Rays,Ian Seymour,5,Globe Life Field,94,8.1,Strong,6.3,7.1,8.1,7.1,5.2,5.3,6.0,96.08,3.9767744,72.0,3.4,2.5,9.7,7.7,Pitcher vulnerability + Pitch-type matchup,False,85,0.6394444444444444,0.6394444444444444,59
60,Elias Díaz,Texas Rangers,Tampa Bay Rays,Ian Seymour,8,Globe Life Field,94,8.0,Strong,7.7,2.7,8.1,2.7,5.2,5.3,3.0,96.08,3.9767744,72.0,8.4,9.5,9.2,5.3,Recent power + Pitcher vulnerability,False,89,0.635,0.635,60
61,Victor Mesa Jr.,Tampa Bay Rays,Texas Rangers,MacKenzie Gore,8,Globe Life Field,94,8.0,Strong,7.6,8.2,6.0,8.2,5.2,5.3,3.0,96.08,3.9767744,72.0,3.4,8.0,9.0,4.7,Pitch-type matchup + Hitter skill,False,88,0.6344444444444445,0.6344444444444445,61
62,Jonathan Aranda,Tampa Bay Rays,Texas Rangers,MacKenzie Gore,2,Globe Life Field,94,8.0,Strong,8.2,4.6,6.0,4.6,5.2,5.3,9.0,96.08,3.9767744,72.0,9.0,5.3,8.1,9.0,Recent power + Lineup context,False,67,0.6327777777777778,0.6327777777777778,62
63,Luis Torrens,New York Mets,San Francisco Giants,Cesar Perdomo,9,Citi Field,101,7.9,Strong,1.2,8.9,9.6,8.9,5.5,6.5,2.0,73.58,3.728226,9.0,3.4,10.0,10.0,9.3,Pitcher vulnerability + Pitch-type matchup,False,165,0.6272222222222221,0.6272222222222221,63
64,Cal Raleigh,Seattle Mariners,Athletics,Gage Jump,4,T-Mobile Park,37,7.9,Strong,7.3,7.8,4.2,7.8,2.7,5.5,7.0,,,,8.9,9.5,7.5,9.7,Recent power + Pitch-type matchup,False,107,0.6269444444444445,0.6269444444444445,64
65,Ben Rice,New York Yankees,San Diego Padres,Michael King,1,Petco Park,105,7.9,Strong,7.8,6.6,5.1,6.6,5.7,5.5,10.0,,,,6.3,8.0,7.1,7.5,Lineup context + Hitter skill,False,63,0.6244444444444445,0.6244444444444445,65
66,James McCann,Arizona Diamondbacks,Houston Astros,Peter Lambert,7,Daikin Park,111,7.8,Strong,6.8,9.5,5.4,9.5,6.0,5.5,4.0,,,,8.0,7.3,5.0,4.0,Pitch-type matchup + Recent power,False,61,0.6208333333333332,0.6208333333333332,66
67,Gabriel Moreno,Arizona Diamondbacks,Houston Astros,Peter Lambert,3,Daikin Park,111,7.8,Strong,7.0,6.5,5.4,6.5,6.0,5.5,8.0,,,,6.9,8.4,7.0,8.9,Lineup context + Hitter skill,False,78,0.6175,0.6175,67
68,Michael Conforto,Chicago Cubs,Miami Marlins,Tyler Phillips,5,loanDepot park,135,7.8,Strong,7.0,2.9,7.2,2.9,7.1,6.6,6.0,84.56,5.0331051,225.0,9.9,9.4,6.7,6.6,Recent power + Pitcher vulnerability,False,56,0.6138888888888888,0.6138888888888888,68
69,Rafael Devers,San Francisco Giants,New York Mets,Christian Scott,2,Citi Field,101,7.7,Strong,2.6,9.7,5.7,9.7,5.5,6.5,9.0,73.58,3.728226,9.0,10.0,9.8,8.6,10.0,Recent power + Pitch-type matchup,False,137,0.6136111111111111,0.6136111111111111,69
70,Jackson Chourio,Milwaukee Brewers,Cincinnati Reds,Brady Singer,3,Great American Ball Park,81,7.7,Strong,8.1,7.1,4.5,7.1,4.6,6.6,8.0,78.25999999999999,8.2642343,50.0,5.8,6.6,6.6,8.0,Hitter skill + Lineup context,False,62,0.6111111111111112,0.6111111111111112,70
71,Brian Serven,Athletics,Seattle Mariners,Bryan Woo,9,T-Mobile Park,37,7.7,Strong,4.6,9.5,6.9,9.5,2.7,5.5,2.0,,,,8.0,8.6,3.5,7.0,Pitch-type matchup + Recent power,False,134,0.6063888888888889,0.6063888888888889,71
72,Yordan Alvarez,Houston Astros,Arizona Diamondbacks,Eduardo Rodriguez,2,Daikin Park,111,7.6,Strong,8.0,8.9,3.6,8.9,6.0,5.5,9.0,,,,3.4,3.8,9.6,7.5,Lineup context + Pitch-type matchup,False,68,0.6013888888888889,0.6013888888888889,72
73,Jeff McNeil,Athletics,Seattle Mariners,Bryan Woo,2,T-Mobile Park,37,7.6,Strong,5.7,5.4,6.9,5.4,2.7,5.5,9.0,,,,8.8,8.7,7.6,6.3,Lineup context + Recent power,False,119,0.6005555555555556,0.6005555555555556,73
74,Jazz Chisholm Jr.,New York Yankees,San Diego Padres,Michael King,5,Petco Park,105,7.6,Strong,6.2,8.3,5.1,8.3,5.7,5.5,6.0,,,,6.9,6.9,7.4,7.2,Pitch-type matchup + Recent power,False,95,0.5991666666666666,0.5991666666666666,74
75,Luke Maile,Kansas City Royals,Toronto Blue Jays,Spencer Arrighetti,8,Kauffman Stadium,168,7.5,Strong,7.1,6.9,8.7,6.9,8.6,5.3,3.0,92.12,2.7340324000000003,159.0,3.4,3.1,1.1,1.4,Pitcher vulnerability + Ballpark,False,46,0.5977777777777776,0.5977777777777776,75
76,Nolan Arenado,Arizona Diamondbacks,Houston Astros,Peter Lambert,4,Daikin Park,111,7.5,Strong,8.8,8.1,5.4,8.1,6.0,5.5,7.0,,,,3.4,1.5,3.8,4.8,Hitter skill + Pitch-type matchup,False,44,0.5975,0.5975,76
77,Ryan Vilade,Tampa Bay Rays,Texas Rangers,MacKenzie Gore,4,Globe Life Field,94,7.5,Strong,4.0,9.7,6.0,9.7,5.2,5.3,7.0,96.08,3.9767744,72.0,3.4,5.8,9.9,8.8,Pitch-type matchup + Lineup context,False,146,0.5902777777777778,0.5902777777777778,77
78,Carson Kelly,Chicago Cubs,Miami Marlins,Tyler Phillips,8,loanDepot park,135,7.4,Above average,6.4,5.7,7.2,5.7,7.1,6.6,3.0,84.56,5.0331051,225.0,9.2,5.2,6.0,2.6,Recent power + Pitcher vulnerability,False,55,0.5900000000000001,0.5900000000000001,78
79,Max Muncy,Athletics,Seattle Mariners,Bryan Woo,6,T-Mobile Park,37,7.4,Above average,4.5,8.4,6.9,8.4,2.7,5.5,5.0,,,,9.4,8.3,3.9,4.8,Recent power + Pitch-type matchup,False,131,0.5866666666666667,0.5866666666666667,79
80,Max Clark,Detroit Tigers,Cleveland Guardians,Gavin Williams,8,Progressive Field,60,7.4,Above average,4.2,9.5,7.5,9.5,3.7,6.7,3.0,74.3,10.0662102,46.0,3.4,1.5,9.5,5.3,Pitch-type matchup + Pitcher vulnerability,False,117,0.5847222222222221,0.5847222222222221,80
81,Jake Bauers,Milwaukee Brewers,Cincinnati Reds,Brady Singer,4,Great American Ball Park,81,7.3,Above average,8.9,9.2,4.5,9.2,4.6,6.6,7.0,78.25999999999999,8.2642343,50.0,3.4,2.4,1.7,3.6,Pitch-type matchup + Hitter skill,False,45,0.5830555555555555,0.5830555555555555,81
82,Colton Cowser,Baltimore Orioles,Boston Red Sox,Payton Tolle,9,Oriole Park at Camden Yards,110,7.3,Above average,6.0,8.0,6.6,8.0,6.0,6.5,2.0,78.98,4.8466938,34.0,3.4,6.3,5.7,4.4,Pitch-type matchup + Pitcher vulnerability,False,91,0.581111111111111,0.581111111111111,82
83,Michael Harris II,Atlanta Braves,Philadelphia Phillies,Aaron Nola,4,Citizens Bank Park,115,7.3,Above average,5.4,2.4,8.4,2.4,6.2,6.6,7.0,77.18,5.530201900000001,24.0,9.7,7.2,9.3,3.1,Recent power + Pitcher vulnerability,False,83,0.5783333333333335,0.5783333333333335,83
84,Pete Alonso,Baltimore Orioles,Boston Red Sox,Payton Tolle,2,Oriole Park at Camden Yards,110,7.2,Above average,2.3,7.8,6.6,7.8,6.0,6.5,9.0,78.98,4.8466938,34.0,6.9,9.1,9.2,9.8,Lineup context + Pitch-type matchup,False,151,0.5783333333333334,0.5783333333333334,84
85,Kevin McGonigle,Detroit Tigers,Cleveland Guardians,Gavin Williams,1,Progressive Field,60,7.2,Above average,3.3,8.4,7.5,8.4,3.7,6.7,10.0,74.3,10.0662102,46.0,3.4,7.6,6.2,6.2,Lineup context + Pitch-type matchup,False,128,0.5783333333333333,0.5783333333333333,85
86,Christian Yelich,Milwaukee Brewers,Cincinnati Reds,Brady Singer,2,Great American Ball Park,81,7.2,Above average,9.1,2.2,4.5,2.2,4.6,6.6,9.0,78.25999999999999,8.2642343,50.0,8.0,8.9,8.0,7.7,Hitter skill + Lineup context,False,84,0.5775,0.5775,86
87,Jung Hoo Lee,San Francisco Giants,New York Mets,Christian Scott,5,Citi Field,101,7.1,Above average,8.2,4.9,5.7,4.9,5.5,6.5,6.0,73.58,3.728226,9.0,3.4,5.6,6.9,6.2,Hitter skill + Weather,False,86,0.5769444444444444,0.5769444444444444,87
88,Miguel Vargas,Chicago White Sox,Minnesota Twins,Bailey Ober,2,Rate Field,69,7.1,Above average,8.3,8.1,3.9,8.1,4.1,5.5,9.0,,,,6.9,5.6,2.3,5.6,Lineup context + Hitter skill,False,82,0.576388888888889,0.576388888888889,88
89,John Rave,Kansas City Royals,Toronto Blue Jays,Spencer Arrighetti,1,Kauffman Stadium,168,7.1,Above average,4.1,6.1,8.7,6.1,8.6,5.3,10.0,92.12,2.7340324000000003,159.0,7.8,3.5,2.9,5.2,Lineup context + Pitcher vulnerability,False,76,0.5761111111111111,0.5761111111111111,89
90,Marcus Semien,New York Mets,San Francisco Giants,Cesar Perdomo,6,Citi Field,101,7.0,Above average,4.7,7.3,9.6,7.3,5.5,6.5,5.0,73.58,3.728226,9.0,3.4,1.5,2.0,2.2,Pitcher vulnerability + Pitch-type matchup,False,80,0.5705555555555555,0.5705555555555555,90
91,Seiya Suzuki,Chicago Cubs,Miami Marlins,Tyler Phillips,2,loanDepot park,135,7.0,Above average,7.0,5.9,7.2,5.9,7.1,6.6,9.0,84.56,5.0331051,225.0,3.4,5.5,1.5,2.3,Lineup context + Pitcher vulnerability,False,47,0.5700000000000001,0.5700000000000001,91
92,Bo Naylor,Milwaukee Brewers,Cincinnati Reds,Brady Singer,8,Great American Ball Park,81,7.0,Above average,9.2,5.5,4.5,5.5,4.6,6.6,3.0,78.25999999999999,8.2642343,50.0,5.5,5.5,5.5,5.5,Hitter skill + Weather,False,73,0.5688888888888888,0.5688888888888888,92
93,Luis Campusano,San Diego Padres,New York Yankees,Gerrit Cole,6,Petco Park,105,6.9,Above average,8.5,3.1,6.3,3.1,5.7,5.5,5.0,,,,8.2,8.6,2.8,3.9,Hitter skill + Recent power,False,75,0.5686111111111112,0.5686111111111112,93
94,Nathan Lukes,Toronto Blue Jays,Kansas City Royals,Randy Dobnak,2,Kauffman Stadium,168,6.9,Above average,8.8,9.0,3.0,9.0,8.6,5.3,9.0,92.12,2.7340324000000003,159.0,3.4,4.9,3.0,4.4,Pitch-type matchup + Lineup context,False,52,0.5655555555555556,0.5655555555555556,94
95,Mauricio Dubón,Atlanta Braves,Philadelphia Phillies,Aaron Nola,5,Citizens Bank Park,115,6.9,Above average,7.2,3.1,8.4,3.1,6.2,6.6,6.0,77.18,5.530201900000001,24.0,7.5,4.3,2.4,1.7,Pitcher vulnerability + Recent power,False,49,0.5647222222222222,0.5647222222222222,95
96,Dillon Dingler,Detroit Tigers,Cleveland Guardians,Gavin Williams,5,Progressive Field,60,6.8,Above average,6.7,4.5,7.5,4.5,3.7,6.7,6.0,74.3,10.0662102,46.0,3.4,4.0,6.1,6.1,Pitcher vulnerability + Hitter skill,False,97,0.5647222222222221,0.5647222222222221,96
97,Zack Gelof,Athletics,Seattle Mariners,Bryan Woo,3,T-Mobile Park,37,6.8,Above average,2.3,9.4,6.9,9.4,2.7,5.5,8.0,,,,9.8,8.5,5.1,5.0,Recent power + Pitch-type matchup,False,173,0.5644444444444445,0.5644444444444445,97
98,Tyrone Taylor,Chicago Cubs,Miami Marlins,Tyler Phillips,9,loanDepot park,135,6.8,Above average,4.8,7.6,7.2,7.6,7.1,6.6,2.0,84.56,5.0331051,225.0,8.0,6.5,3.4,2.1,Recent power + Pitch-type matchup,False,79,0.5630555555555555,0.5630555555555555,98
99,A.J. Ewing,New York Mets,San Francisco Giants,Cesar Perdomo,8,Citi Field,101,6.7,Above average,5.2,3.3,9.6,3.3,5.5,6.5,3.0,73.58,3.728226,9.0,6.9,5.1,4.2,3.9,Pitcher vulnerability + Recent power,False,99,0.5622222222222222,0.5622222222222222,99
100,Michael Busch,Chicago Cubs,Miami Marlins,Tyler Phillips,3,loanDepot park,135,6.7,Above average,5.4,5.5,7.2,5.5,7.1,6.6,8.0,84.56,5.0331051,225.0,7.5,4.3,3.6,5.7,Lineup context + Recent power,False,64,0.5616666666666666,0.5616666666666666,100
101,Xander Bogaerts,San Diego Padres,New York Yankees,Gerrit Cole,8,Petco Park,105,6.7,Above average,8.1,2.5,6.3,2.5,5.7,5.5,3.0,,,,3.4,6.4,7.4,9.9,Hitter skill + Pitcher vulnerability,False,108,0.5602777777777779,0.5602777777777779,101
102,Drew Gilbert,San Francisco Giants,New York Mets,Christian Scott,1,Citi Field,101,6.6,Above average,3.6,8.5,5.7,8.5,5.5,6.5,10.0,73.58,3.728226,9.0,3.4,9.9,9.6,4.6,Lineup context + Pitch-type matchup,False,143,0.5602777777777778,0.5602777777777778,102
103,Henry Bolte,Athletics,Seattle Mariners,Bryan Woo,1,T-Mobile Park,37,6.6,Above average,4.9,6.0,6.9,6.0,2.7,5.5,10.0,,,,8.6,4.4,5.7,6.7,Lineup context + Recent power,False,132,0.5594444444444445,0.5594444444444445,103
104,Angel Martínez,Cleveland Guardians,Detroit Tigers,Jackson Jobe,5,Progressive Field,60,6.6,Above average,3.6,7.2,7.8,7.2,3.7,6.7,6.0,74.3,10.0662102,46.0,8.5,4.0,6.1,4.2,Recent power + Pitcher vulnerability,False,123,0.5580555555555554,0.5580555555555554,104
105,Brady House,Washington Nationals,Los Angeles Dodgers,Justin Wrobleski,5,UNIQLO Field at Dodger Stadium,124,6.5,Solid,3.8,5.0,9.3,5.0,6.6,5.5,6.0,,,,3.4,4.2,6.8,6.3,Pitcher vulnerability + Ballpark,False,111,0.5563888888888889,0.5563888888888889,105
106,Sean Murphy,Atlanta Braves,Philadelphia Phillies,Aaron Nola,7,Citizens Bank Park,115,6.5,Solid,1.8,6.7,8.4,6.7,6.2,6.6,4.0,77.18,5.530201900000001,24.0,9.2,7.4,5.2,7.6,Recent power + Pitcher vulnerability,False,138,0.5541666666666667,0.5541666666666667,106
107,Brayan Rocchio,Cleveland Guardians,Detroit Tigers,Jackson Jobe,9,Progressive Field,60,6.5,Solid,4.4,5.2,7.8,5.2,3.7,6.7,2.0,74.3,10.0662102,46.0,9.7,4.5,6.8,5.8,Recent power + Pitcher vulnerability,False,136,0.5524999999999999,0.5524999999999999,107
108,Isaac Paredes,Houston Astros,Arizona Diamondbacks,Eduardo Rodriguez,3,Daikin Park,111,6.4,Solid,8.3,6.8,3.6,6.8,6.0,5.5,8.0,,,,6.9,2.6,5.4,6.9,Hitter skill + Lineup context,False,72,0.5522222222222223,0.5522222222222223,108
109,Zach Neto,Los Angeles Angels,Pittsburgh Pirates,Paul Skenes,1,PNC Park,74,6.4,Solid,6.5,9.0,3.3,9.0,4.3,6.6,10.0,76.82,7.3943149,56.0,3.4,6.6,5.8,7.4,Lineup context + Pitch-type matchup,False,110,0.5505555555555556,0.5505555555555556,109
110,Bryce Eldridge,San Francisco Giants,New York Mets,Christian Scott,3,Citi Field,101,6.4,Solid,5.8,5.6,5.7,5.6,5.5,6.5,8.0,73.58,3.728226,9.0,3.4,5.3,7.2,9.5,Lineup context + Weather,False,127,0.5477777777777778,0.5477777777777778,110
111,Alec Bohm,Philadelphia Phillies,Atlanta Braves,Tyler Mahle,5,Citizens Bank Park,115,6.3,Solid,5.6,9.8,2.7,9.8,6.2,6.6,6.0,77.18,5.530201900000001,24.0,6.3,9.3,8.0,4.9,Pitch-type matchup + Weather,False,112,0.5463888888888888,0.5463888888888888,111
112,Jacob Young,Washington Nationals,Los Angeles Dodgers,Justin Wrobleski,8,UNIQLO Field at Dodger Stadium,124,6.3,Solid,6.8,3.0,9.3,3.0,6.6,5.5,3.0,,,,3.4,3.3,2.5,2.9,Pitcher vulnerability + Hitter skill,False,70,0.5447222222222222,0.5447222222222222,112
113,Munetaka Murakami,Chicago White Sox,Minnesota Twins,Bailey Ober,3,Rate Field,69,6.3,Solid,8.0,6.4,3.9,6.4,4.1,5.5,8.0,,,,6.9,4.5,1.6,9.2,Hitter skill + Lineup context,False,104,0.5422222222222223,0.5422222222222223,113
114,Jo Adell,Cleveland Guardians,Detroit Tigers,Jackson Jobe,3,Progressive Field,60,6.2,Solid,2.5,7.5,7.8,7.5,3.7,6.7,8.0,74.3,10.0662102,46.0,3.4,5.0,7.2,7.7,Lineup context + Pitcher vulnerability,False,169,0.5416666666666667,0.5416666666666667,114
115,Kyle Isbel,Kansas City Royals,Toronto Blue Jays,Spencer Arrighetti,9,Kauffman Stadium,168,6.2,Solid,5.6,4.0,8.7,4.0,8.6,5.3,2.0,92.12,2.7340324000000003,159.0,3.4,5.4,3.8,4.2,Pitcher vulnerability + Ballpark,False,100,0.5402777777777777,0.5402777777777777,115
116,Nelson Velázquez,Houston Astros,Arizona Diamondbacks,Eduardo Rodriguez,6,Daikin Park,111,6.2,Solid,4.3,8.7,3.6,8.7,6.0,5.5,5.0,,,,9.0,9.4,7.8,8.3,Recent power + Pitch-type matchup,False,163,0.5402777777777777,0.5402777777777777,116
117,Adael Amador,Colorado Rockies,St. Louis Cardinals,Kyle Leahy,6,Coors Field,207,6.1,Solid,7.5,9.8,2.1,9.8,10.0,5.9,5.0,87.26,4.349597,46.0,6.9,7.8,3.5,1.8,Ballpark + Pitch-type matchup,False,69,0.5375,0.5375,117
118,Brooks Lee,Minnesota Twins,Chicago White Sox,Bryan Hudson,2,Rate Field,69,6.1,Solid,8.6,6.7,2.4,6.7,4.1,5.5,9.0,,,,3.4,6.5,8.5,6.6,Lineup context + Hitter skill,False,125,0.5372222222222223,0.5372222222222223,118
119,Nathaniel Lowe,Cleveland Guardians,Detroit Tigers,Jackson Jobe,4,Progressive Field,60,6.1,Solid,4.1,5.4,7.8,5.4,3.7,6.7,7.0,74.3,10.0662102,46.0,3.4,6.2,6.2,6.4,Pitcher vulnerability + Lineup context,False,145,0.5363888888888889,0.5363888888888889,119
120,Travis Bazzana,Cleveland Guardians,Detroit Tigers,Jackson Jobe,2,Progressive Field,60,6.0,Solid,3.2,4.9,7.8,4.9,3.7,6.7,9.0,74.3,10.0662102,46.0,8.6,4.4,8.3,5.4,Lineup context + Recent power,False,150,0.5322222222222224,0.5322222222222224,120
121,Steven Kwan,Cleveland Guardians,Detroit Tigers,Jackson Jobe,1,Progressive Field,60,6.0,Solid,8.4,2.6,7.8,2.6,3.7,6.7,10.0,74.3,10.0662102,46.0,3.4,2.0,1.1,1.7,Lineup context + Hitter skill,False,60,0.5319444444444444,0.5319444444444444,121
122,Jake McCarthy,Colorado Rockies,St. Louis Cardinals,Kyle Leahy,1,Coors Field,207,6.0,Solid,9.4,6.2,2.1,6.2,10.0,5.9,10.0,87.26,4.349597,46.0,3.4,7.3,5.8,3.0,Ballpark + Lineup context,False,57,0.5313888888888889,0.5313888888888889,122
123,Brandon Nimmo,Texas Rangers,Tampa Bay Rays,Ian Seymour,4,Globe Life Field,94,5.9,Solid,5.6,2.0,8.1,2.0,5.2,5.3,7.0,96.08,3.9767744,72.0,3.4,5.0,8.2,8.1,Pitcher vulnerability + Lineup context,False,154,0.5313888888888889,0.5313888888888889,123
124,Heriberto Hernández,Miami Marlins,Chicago Cubs,Clay Holmes,5,loanDepot park,135,5.9,Solid,7.8,8.5,1.2,8.5,7.1,6.6,6.0,84.56,5.0331051,225.0,6.3,9.2,3.6,7.9,Pitch-type matchup + Hitter skill,False,93,0.5305555555555554,0.5305555555555554,124
125,Dominic Canzone,Seattle Mariners,Athletics,Gage Jump,2,T-Mobile Park,37,5.9,Solid,4.9,9.3,4.2,9.3,2.7,5.5,9.0,,,,5.9,7.4,4.7,5.9,Pitch-type matchup + Lineup context,False,164,0.5300000000000001,0.5300000000000001,125
126,Alex Bregman,Chicago Cubs,Miami Marlins,Tyler Phillips,4,loanDepot park,135,5.8,Solid,1.5,7.2,7.2,7.2,7.1,6.6,7.0,84.56,5.0331051,225.0,6.9,9.1,8.9,3.7,Pitcher vulnerability + Pitch-type matchup,False,157,0.5252777777777778,0.5252777777777778,126
127,Nathan Church,St. Louis Cardinals,Colorado Rockies,Tanner Gordon,9,Coors Field,207,5.8,Solid,3.9,5.8,9.0,5.8,10.0,5.9,2.0,87.26,4.349597,46.0,3.4,1.5,4.8,3.3,Ballpark + Pitcher vulnerability,False,98,0.5233333333333333,0.5233333333333333,127
128,Osleivis Basabe,San Francisco Giants,New York Mets,Christian Scott,6,Citi Field,101,5.8,Solid,3.5,9.4,5.7,9.4,5.5,6.5,5.0,73.58,3.728226,9.0,9.8,4.9,3.1,2.4,Recent power + Pitch-type matchup,False,130,0.5205555555555555,0.5205555555555555,128
129,Kazuma Okamoto,Toronto Blue Jays,Kansas City Royals,Randy Dobnak,5,Kauffman Stadium,168,5.7,Solid,4.4,8.7,3.0,8.7,8.6,5.3,6.0,92.12,2.7340324000000003,159.0,6.9,8.9,6.7,9.3,Pitch-type matchup + Ballpark,False,167,0.518611111111111,0.518611111111111,129
130,Kyle Stowers,Miami Marlins,Chicago Cubs,Clay Holmes,1,loanDepot park,135,5.7,Solid,4.8,8.6,1.2,8.6,7.1,6.6,10.0,84.56,5.0331051,225.0,9.8,8.9,8.8,9.8,Lineup context + Recent power,False,140,0.5175,0.5175,130
131,Mickey Moniak,Colorado Rockies,St. Louis Cardinals,Kyle Leahy,5,Coors Field,207,5.7,Solid,9.0,6.4,2.1,6.4,10.0,5.9,6.0,87.26,4.349597,46.0,3.4,3.7,9.1,3.7,Ballpark + Hitter skill,False,81,0.5152777777777777,0.5152777777777777,131
132,Jonny DeLuca,Tampa Bay Rays,Texas Rangers,MacKenzie Gore,6,Globe Life Field,94,5.6,Solid,6.7,6.0,6.0,6.0,5.2,5.3,5.0,96.08,3.9767744,72.0,7.8,1.5,2.2,3.1,Recent power + Hitter skill,False,106,0.5138888888888888,0.5138888888888888,132
133,Teoscar Hernández,Los Angeles Dodgers,Washington Nationals,Andrew Alvarez,5,UNIQLO Field at Dodger Stadium,124,5.6,Solid,9.4,4.7,1.5,4.7,6.6,5.5,6.0,,,,3.4,9.3,8.3,7.8,Hitter skill + Ballpark,False,113,0.5127777777777778,0.5127777777777778,133
134,Mookie Betts,Los Angeles Dodgers,Washington Nationals,Andrew Alvarez,2,UNIQLO Field at Dodger Stadium,124,5.6,Solid,9.9,5.2,1.5,5.2,6.6,5.5,9.0,,,,5.9,4.7,4.6,7.8,Hitter skill + Lineup context,False,77,0.5125000000000001,0.5125000000000001,134
135,Donovan Walton,Athletics,Seattle Mariners,Bryan Woo,7,T-Mobile Park,37,5.5,Solid,1.4,8.6,6.9,8.6,2.7,5.5,4.0,,,,8.4,5.1,7.5,7.0,Pitch-type matchup + Recent power,False,205,0.5105555555555554,0.5105555555555554,135
136,Josh Rojas,Kansas City Royals,Toronto Blue Jays,Spencer Arrighetti,5,Kauffman Stadium,168,5.5,Solid,3.7,4.1,8.7,4.1,8.6,5.3,6.0,92.12,2.7340324000000003,159.0,8.5,1.5,3.7,4.5,Pitcher vulnerability + Ballpark,False,116,0.5083333333333333,0.5083333333333333,136
137,Jasson Domínguez,New York Yankees,San Diego Padres,Michael King,6,Petco Park,105,5.4,Neutral,5.3,6.6,5.1,6.6,5.7,5.5,5.0,,,,3.4,8.1,7.9,3.6,Pitch-type matchup + Ballpark,False,161,0.5083333333333333,0.5083333333333333,137
138,Randy Arozarena,Seattle Mariners,Athletics,Gage Jump,1,T-Mobile Park,37,5.4,Neutral,6.2,6.9,4.2,6.9,2.7,5.5,10.0,,,,5.9,7.0,2.3,5.5,Lineup context + Pitch-type matchup,False,149,0.5044444444444445,0.5044444444444445,138
139,Jonah Cox,San Francisco Giants,New York Mets,Christian Scott,4,Citi Field,101,5.4,Neutral,5.9,6.1,5.7,6.1,5.5,6.5,7.0,73.58,3.728226,9.0,3.4,6.8,3.6,1.9,Lineup context + Weather,False,122,0.5036111111111112,0.5036111111111112,139
140,Kyle Teel,Chicago White Sox,Minnesota Twins,Bailey Ober,9,Rate Field,69,5.3,Neutral,9.9,3.5,3.9,3.5,4.1,5.5,2.0,,,,3.4,5.2,4.7,5.6,Hitter skill + Weather,False,126,0.5036111111111111,0.5036111111111111,140
141,Ketel Marte,Arizona Diamondbacks,Houston Astros,Peter Lambert,2,Daikin Park,111,5.3,Neutral,3.7,7.1,5.4,7.1,6.0,5.5,9.0,,,,6.9,4.3,7.0,6.4,Lineup context + Pitch-type matchup,False,152,0.5036111111111111,0.5036111111111111,141
142,Mike Yastrzemski,Atlanta Braves,Philadelphia Phillies,Aaron Nola,9,Citizens Bank Park,115,5.3,Neutral,3.4,5.1,8.4,5.1,6.2,6.6,2.0,77.18,5.530201900000001,24.0,3.4,1.5,5.0,8.9,Pitcher vulnerability + Weather,False,139,0.5030555555555556,0.5030555555555556,142
143,Kody Clemens,Minnesota Twins,Chicago White Sox,Bryan Hudson,5,Rate Field,69,5.2,Neutral,3.0,9.7,2.4,9.7,4.1,5.5,6.0,,,,9.0,9.7,9.7,9.4,Pitch-type matchup + Recent power,False,208,0.5027777777777778,0.5027777777777778,143
144,Jacob Gonzalez,Pittsburgh Pirates,Los Angeles Angels,Walbert Ureña,8,PNC Park,74,5.2,Neutral,8.9,6.6,1.8,6.6,4.3,6.6,3.0,76.82,7.3943149,56.0,3.4,5.7,7.4,6.1,Hitter skill + Pitch-type matchup,False,129,0.5019444444444444,0.5019444444444444,144
145,Hao-Yu Lee,Detroit Tigers,Cleveland Guardians,Gavin Williams,2,Progressive Field,60,5.2,Neutral,4.6,3.4,7.5,3.4,3.7,6.7,9.0,74.3,10.0662102,46.0,3.4,6.6,4.2,6.6,Lineup context + Pitcher vulnerability,False,158,0.5,0.5,145
146,Jordan Lawlar,Arizona Diamondbacks,Houston Astros,Peter Lambert,9,Daikin Park,111,5.1,Neutral,4.7,9.1,5.4,9.1,6.0,5.5,2.0,,,,8.6,3.8,1.3,1.6,Pitch-type matchup + Recent power,False,118,0.4991666666666667,0.4991666666666667,146
147,Nico Hoerner,Chicago Cubs,Miami Marlins,Tyler Phillips,6,loanDepot park,135,5.1,Neutral,2.4,8.6,7.2,8.6,7.1,6.6,5.0,84.56,5.0331051,225.0,3.4,4.1,3.9,4.1,Pitch-type matchup + Pitcher vulnerability,False,133,0.49916666666666665,0.49916666666666665,147
148,Andrew Benintendi,Chicago White Sox,Minnesota Twins,Bailey Ober,4,Rate Field,69,5.1,Neutral,4.4,7.6,3.9,7.6,4.1,5.5,7.0,,,,3.4,8.3,7.7,9.0,Pitch-type matchup + Lineup context,False,197,0.4972222222222223,0.4972222222222223,148
149,Nick Sogard,Boston Red Sox,Baltimore Orioles,Kyle Bradish,5,Oriole Park at Camden Yards,110,5.0,Neutral,6.0,4.9,4.8,4.9,6.0,6.5,6.0,78.98,4.8466938,34.0,7.5,6.4,2.8,6.5,Recent power + Weather,False,124,0.49583333333333335,0.49583333333333335,149
150,Cody Bellinger,New York Yankees,San Diego Padres,Michael King,2,Petco Park,105,5.0,Neutral,6.0,3.0,5.1,3.0,5.7,5.5,9.0,,,,3.4,9.8,8.3,6.3,Lineup context + Hitter skill,False,170,0.4955555555555555,0.4955555555555555,150
151,Javier Sanoja,Miami Marlins,Chicago Cubs,Clay Holmes,9,loanDepot park,135,5.0,Neutral,9.3,6.0,1.2,6.0,7.1,6.6,2.0,84.56,5.0331051,225.0,7.5,2.1,8.4,5.2,Hitter skill + Recent power,False,92,0.4913888888888889,0.4913888888888889,151
152,Roman Anthony,Boston Red Sox,Baltimore Orioles,Kyle Bradish,1,Oriole Park at Camden Yards,110,4.9,Neutral,4.7,1.9,4.8,1.9,6.0,6.5,10.0,78.98,4.8466938,34.0,8.8,9.4,9.4,9.7,Lineup context + Recent power,False,176,0.4908333333333334,0.4908333333333334,152
153,Jose Altuve,Houston Astros,Arizona Diamondbacks,Eduardo Rodriguez,4,Daikin Park,111,4.9,Neutral,6.1,7.7,3.6,7.7,6.0,5.5,7.0,,,,6.9,2.4,6.9,2.9,Pitch-type matchup + Lineup context,False,120,0.49083333333333334,0.49083333333333334,153
154,Lawrence Butler,Athletics,Seattle Mariners,Bryan Woo,4,T-Mobile Park,37,4.9,Neutral,2.7,6.3,6.9,6.3,2.7,5.5,7.0,,,,6.1,5.9,6.3,5.9,Lineup context + Pitcher vulnerability,False,200,0.4891666666666667,0.4891666666666667,154
155,Adley Rutschman,Boston Red Sox,Baltimore Orioles,Kyle Bradish,3,Oriole Park at Camden Yards,110,4.8,Neutral,4.0,6.9,4.8,6.9,6.0,6.5,8.0,78.98,4.8466938,34.0,9.4,6.3,3.3,4.7,Recent power + Lineup context,False,141,0.4875,0.4875,155
156,Tommy Troy,Arizona Diamondbacks,Houston Astros,Peter Lambert,6,Daikin Park,111,4.8,Neutral,2.8,8.8,5.4,8.8,6.0,5.5,5.0,,,,8.0,8.3,2.9,1.8,Pitch-type matchup + Recent power,False,171,0.4805555555555556,0.4805555555555556,156
157,Garrett Mitchell,Milwaukee Brewers,Cincinnati Reds,Brady Singer,5,Great American Ball Park,81,4.8,Neutral,8.9,3.9,4.5,3.9,4.6,6.6,6.0,78.25999999999999,8.2642343,50.0,3.4,2.1,2.8,3.3,Hitter skill + Weather,False,94,0.48,0.48,157
158,Bryan Torres,St. Louis Cardinals,Colorado Rockies,Tanner Gordon,1,Coors Field,207,4.7,Neutral,3.1,4.7,9.0,4.7,10.0,5.9,10.0,87.26,4.349597,46.0,3.4,1.5,1.4,2.5,Ballpark + Lineup context,False,102,0.4786111111111112,0.4786111111111112,158
159,Blaze Alexander,Baltimore Orioles,Boston Red Sox,Payton Tolle,1,Oriole Park at Camden Yards,110,4.7,Neutral,3.9,4.2,6.6,4.2,6.0,6.5,10.0,78.98,4.8466938,34.0,3.4,3.3,8.6,5.8,Lineup context + Pitcher vulnerability,False,162,0.47833333333333344,0.47833333333333344,159
160,Carlos Narváez,Baltimore Orioles,Boston Red Sox,Payton Tolle,8,Oriole Park at Camden Yards,110,4.7,Neutral,8.2,1.4,6.6,1.4,6.0,6.5,3.0,78.98,4.8466938,34.0,3.4,4.0,2.9,2.4,Hitter skill + Pitcher vulnerability,False,101,0.4772222222222222,0.4772222222222222,160
161,Brett Sullivan,Colorado Rockies,St. Louis Cardinals,Kyle Leahy,7,Coors Field,207,4.6,Neutral,5.5,8.8,2.1,8.8,10.0,5.9,4.0,87.26,4.349597,46.0,3.4,6.1,7.9,5.1,Ballpark + Pitch-type matchup,False,148,0.4736111111111111,0.4736111111111111,161
162,Brett Callahan,Detroit Tigers,Cleveland Guardians,Gavin Williams,6,Progressive Field,60,4.6,Neutral,1.6,3.8,7.5,3.8,3.7,6.7,5.0,74.3,10.0662102,46.0,3.4,9.7,9.9,8.3,Pitcher vulnerability + Weather,False,222,0.47166666666666673,0.47166666666666673,162
163,Luke Keaschall,Minnesota Twins,Chicago White Sox,Bryan Hudson,1,Rate Field,69,4.6,Neutral,5.1,7.4,2.4,7.4,4.1,5.5,10.0,,,,3.4,5.7,9.4,8.8,Lineup context + Pitch-type matchup,False,199,0.46916666666666673,0.46916666666666673,163
164,TJ Rumfield,Colorado Rockies,St. Louis Cardinals,Kyle Leahy,4,Coors Field,207,4.5,Below average,6.5,6.4,2.1,6.4,10.0,5.9,7.0,87.26,4.349597,46.0,9.0,8.2,2.7,3.6,Ballpark + Recent power,False,114,0.46861111111111114,0.46861111111111114,164
165,Max Muncy,Los Angeles Dodgers,Washington Nationals,Andrew Alvarez,8,UNIQLO Field at Dodger Stadium,124,4.5,Below average,6.6,7.9,1.5,7.9,6.6,5.5,3.0,,,,3.4,8.1,6.4,6.8,Pitch-type matchup + Hitter skill,False,172,0.4661111111111111,0.4661111111111111,165
166,Kaelen Culpepper,Minnesota Twins,Chicago White Sox,Bryan Hudson,8,Rate Field,69,4.5,Below average,5.9,9.2,2.4,9.2,4.1,5.5,3.0,,,,3.4,3.8,6.0,6.7,Pitch-type matchup + Hitter skill,False,188,0.4658333333333333,0.4658333333333333,166
167,Eli White,Boston Red Sox,Baltimore Orioles,Kyle Bradish,9,Oriole Park at Camden Yards,110,4.4,Below average,9.8,1.4,4.8,1.4,6.0,6.5,2.0,78.98,4.8466938,34.0,3.4,6.2,1.9,1.3,Hitter skill + Weather,False,96,0.4644444444444445,0.4644444444444445,167
168,Jake Cronenworth,San Diego Padres,New York Yankees,Gerrit Cole,2,Petco Park,105,4.4,Below average,7.6,2.1,6.3,2.1,5.7,5.5,9.0,,,,3.4,1.5,2.6,2.8,Lineup context + Hitter skill,False,105,0.46194444444444444,0.46194444444444444,168
169,Jarren Duran,Boston Red Sox,Baltimore Orioles,Kyle Bradish,7,Oriole Park at Camden Yards,110,4.4,Below average,5.1,4.2,4.8,4.2,6.0,6.5,4.0,78.98,4.8466938,34.0,3.4,5.9,7.5,7.3,Weather + Ballpark,False,179,0.4566666666666667,0.4566666666666667,169
170,Grant McCray,San Francisco Giants,New York Mets,Christian Scott,7,Citi Field,101,4.3,Below average,3.1,7.6,5.7,7.6,5.5,6.5,4.0,73.58,3.728226,9.0,8.2,6.4,1.6,1.1,Recent power + Pitch-type matchup,False,174,0.4555555555555556,0.4555555555555556,170
171,Trevor Story,Boston Red Sox,Baltimore Orioles,Kyle Bradish,4,Oriole Park at Camden Yards,110,4.3,Below average,7.3,1.4,4.8,1.4,6.0,6.5,7.0,78.98,4.8466938,34.0,3.4,8.6,4.3,4.2,Hitter skill + Lineup context,False,144,0.45166666666666666,0.45166666666666666,171
172,John Peck,Detroit Tigers,Cleveland Guardians,Gavin Williams,9,Progressive Field,60,4.3,Below average,5.3,1.4,7.5,1.4,3.7,6.7,2.0,74.3,10.0662102,46.0,3.4,8.4,4.9,2.0,Pitcher vulnerability + Weather,False,184,0.4494444444444444,0.4494444444444444,172
173,Henry Davis,Pittsburgh Pirates,Los Angeles Angels,Walbert Ureña,9,PNC Park,74,4.2,Below average,8.7,3.2,1.8,3.2,4.3,6.6,2.0,76.82,7.3943149,56.0,3.4,4.6,8.7,8.7,Hitter skill + Weather,False,177,0.4430555555555555,0.4430555555555555,173
174,Angel Genao,Cleveland Guardians,Detroit Tigers,Jackson Jobe,6,Progressive Field,60,4.2,Below average,2.2,2.5,7.8,2.5,3.7,6.7,5.0,74.3,10.0662102,46.0,3.4,4.8,9.1,8.7,Pitcher vulnerability + Weather,False,215,0.4427777777777778,0.4427777777777778,174
175,Nick Morabito,New York Mets,San Francisco Giants,Cesar Perdomo,7,Citi Field,101,4.2,Below average,3.3,1.4,9.6,1.4,5.5,6.5,4.0,73.58,3.728226,9.0,3.4,1.5,4.6,4.7,Pitcher vulnerability + Weather,False,181,0.4425,0.4425,175
176,Vaughn Grissom,Los Angeles Angels,Pittsburgh Pirates,Paul Skenes,4,PNC Park,74,4.1,Below average,6.2,5.5,3.3,5.5,4.3,6.6,7.0,76.82,7.3943149,56.0,6.3,6.0,3.3,2.4,Lineup context + Weather,False,166,0.4369444444444444,0.4369444444444444,176
177,Sal Frelick,Milwaukee Brewers,Cincinnati Reds,Brady Singer,1,Great American Ball Park,81,4.1,Below average,6.9,3.6,4.5,3.6,4.6,6.6,10.0,78.25999999999999,8.2642343,50.0,3.4,2.6,4.3,2.2,Lineup context + Hitter skill,False,135,0.4347222222222223,0.4347222222222223,177
178,Jorge Mateo,Tampa Bay Rays,Texas Rangers,MacKenzie Gore,7,Globe Life Field,94,4.1,Below average,5.7,2.2,6.0,2.2,5.2,5.3,4.0,96.08,3.9767744,72.0,3.4,8.7,3.7,3.2,Pitcher vulnerability + Hitter skill,False,193,0.43388888888888894,0.43388888888888894,178
179,Brice Turang,Milwaukee Brewers,Cincinnati Reds,Brady Singer,6,Great American Ball Park,81,4.0,Below average,6.4,5.4,4.5,5.4,4.6,6.6,5.0,78.25999999999999,8.2642343,50.0,3.4,3.1,1.5,2.7,Weather + Hitter skill,False,142,0.43194444444444446,0.43194444444444446,179
180,Julio Rodríguez,Seattle Mariners,Athletics,Gage Jump,3,T-Mobile Park,37,4.0,Below average,5.1,4.4,4.2,4.4,2.7,5.5,8.0,,,,3.4,7.7,5.9,5.8,Lineup context + Weather,False,206,0.43138888888888893,0.43138888888888893,180
181,Andruw Monasterio,Boston Red Sox,Baltimore Orioles,Kyle Bradish,8,Oriole Park at Camden Yards,110,4.0,Below average,7.2,2.0,4.8,2.0,6.0,6.5,3.0,78.98,4.8466938,34.0,3.4,2.0,6.5,4.9,Hitter skill + Weather,False,159,0.4288888888888889,0.4288888888888889,181
182,Bryce Harper,Philadelphia Phillies,Atlanta Braves,Tyler Mahle,3,Citizens Bank Park,115,3.9,Below average,3.6,8.1,2.7,8.1,6.2,6.6,8.0,77.18,5.530201900000001,24.0,3.4,6.8,4.2,7.6,Pitch-type matchup + Lineup context,False,187,0.42722222222222217,0.42722222222222217,182
183,Christian Koss,San Francisco Giants,New York Mets,Christian Scott,9,Citi Field,101,3.9,Below average,2.9,6.3,5.7,6.3,5.5,6.5,2.0,73.58,3.728226,9.0,9.4,4.7,3.4,1.2,Recent power + Weather,False,192,0.42694444444444446,0.42694444444444446,183
184,Cole Carrigg,Colorado Rockies,St. Louis Cardinals,Kyle Leahy,3,Coors Field,207,3.9,Below average,7.4,4.3,2.1,4.3,10.0,5.9,8.0,87.26,4.349597,46.0,7.8,5.2,2.7,2.6,Ballpark + Lineup context,False,115,0.42666666666666664,0.42666666666666664,184
185,Jeremy Peña,Houston Astros,Arizona Diamondbacks,Eduardo Rodriguez,1,Daikin Park,111,3.8,Below average,4.3,6.5,3.6,6.5,6.0,5.5,10.0,,,,3.4,8.2,4.3,3.2,Lineup context + Pitch-type matchup,False,182,0.4258333333333334,0.4258333333333334,185
186,Brandon Lowe,Pittsburgh Pirates,Los Angeles Angels,Walbert Ureña,2,PNC Park,74,3.8,Below average,5.3,6.7,1.8,6.7,4.3,6.6,9.0,76.82,7.3943149,56.0,6.9,4.9,4.8,6.7,Lineup context + Recent power,False,186,0.42444444444444435,0.42444444444444435,186
187,Mike Trout,Los Angeles Angels,Pittsburgh Pirates,Paul Skenes,2,PNC Park,74,3.8,Below average,7.3,3.9,3.3,3.9,4.3,6.6,9.0,76.82,7.3943149,56.0,3.4,5.4,1.7,3.5,Lineup context + Hitter skill,False,155,0.41972222222222216,0.41972222222222216,187
188,Ben Malgeri,Detroit Tigers,Cleveland Guardians,Gavin Williams,7,Progressive Field,60,3.7,Below average,2.0,3.3,7.5,3.3,3.7,6.7,4.0,74.3,10.0662102,46.0,3.4,4.4,5.9,8.2,Pitcher vulnerability + Weather,False,220,0.4180555555555556,0.4180555555555556,188
189,Bryson Stott,Philadelphia Phillies,Atlanta Braves,Tyler Mahle,6,Citizens Bank Park,115,3.7,Below average,8.3,2.7,2.7,2.7,6.2,6.6,5.0,77.18,5.530201900000001,24.0,7.5,3.2,1.7,4.6,Hitter skill + Recent power,False,121,0.4166666666666667,0.4166666666666667,189
190,Chandler Simpson,Tampa Bay Rays,Texas Rangers,MacKenzie Gore,5,Globe Life Field,94,3.7,Below average,7.7,1.4,6.0,1.4,5.2,5.3,6.0,96.08,3.9767744,72.0,3.4,1.5,1.1,1.5,Hitter skill + Pitcher vulnerability,False,147,0.41555555555555557,0.41555555555555557,190
191,Ildemaro Vargas,Arizona Diamondbacks,Houston Astros,Peter Lambert,8,Daikin Park,111,3.6,Below average,5.5,2.7,5.4,2.7,6.0,5.5,3.0,,,,3.4,5.0,6.4,3.1,Ballpark + Hitter skill,False,185,0.41416666666666674,0.41416666666666674,191
192,Colson Montgomery,Chicago White Sox,Minnesota Twins,Bailey Ober,5,Rate Field,69,3.6,Below average,1.0,6.8,3.9,6.8,4.1,5.5,6.0,,,,9.4,7.1,9.0,7.9,Recent power + Pitch-type matchup,False,246,0.4122222222222222,0.4122222222222222,192
193,Nasim Nuñez,Washington Nationals,Los Angeles Dodgers,Justin Wrobleski,9,UNIQLO Field at Dodger Stadium,124,3.6,Below average,2.3,2.0,9.3,2.0,6.6,5.5,2.0,,,,3.4,5.3,2.4,2.6,Pitcher vulnerability + Ballpark,False,195,0.40638888888888886,0.40638888888888886,193
194,Pedro Ramírez,Chicago Cubs,Miami Marlins,Tyler Phillips,7,loanDepot park,135,3.5,Below average,3.2,1.9,7.2,1.9,7.1,6.6,4.0,84.56,5.0331051,225.0,3.4,5.9,5.3,3.8,Pitcher vulnerability + Ballpark,False,190,0.4044444444444445,0.4044444444444445,194
195,Cooper Pratt,Milwaukee Brewers,Cincinnati Reds,Brady Singer,7,Great American Ball Park,81,3.5,Below average,7.1,2.3,4.5,2.3,4.6,6.6,4.0,78.25999999999999,8.2642343,50.0,6.9,2.5,2.4,1.6,Hitter skill + Recent power,False,156,0.4033333333333334,0.4033333333333334,195
196,Alika Williams,Athletics,Seattle Mariners,Bryan Woo,8,T-Mobile Park,37,3.5,Below average,1.6,4.6,6.9,4.6,2.7,5.5,3.0,,,,9.5,1.5,8.9,1.8,Recent power + Pitcher vulnerability,False,233,0.40055555555555555,0.40055555555555555,196
197,Austin Wells,New York Yankees,San Diego Padres,Michael King,9,Petco Park,105,3.4,Weak,1.8,7.5,5.1,7.5,5.7,5.5,2.0,,,,3.4,3.9,5.1,6.9,Pitch-type matchup + Ballpark,False,226,0.39972222222222215,0.39972222222222215,197
198,Isaac Collins,Kansas City Royals,Toronto Blue Jays,Spencer Arrighetti,7,Kauffman Stadium,168,3.4,Weak,2.0,2.1,8.7,2.1,8.6,5.3,4.0,92.12,2.7340324000000003,159.0,3.4,4.1,2.1,5.4,Pitcher vulnerability + Ballpark,False,202,0.39888888888888896,0.39888888888888896,198
199,Petey Halpin,Cleveland Guardians,Detroit Tigers,Jackson Jobe,8,Progressive Field,60,3.4,Weak,2.9,4.2,7.8,4.2,3.7,6.7,3.0,74.3,10.0662102,46.0,3.4,3.0,1.8,1.3,Pitcher vulnerability + Weather,False,201,0.39805555555555555,0.39805555555555555,199
200,Griffin Conine,Miami Marlins,Chicago Cubs,Clay Holmes,2,loanDepot park,135,3.3,Weak,4.8,8.3,1.2,8.3,7.1,6.6,9.0,84.56,5.0331051,225.0,7.5,2.9,1.9,5.0,Lineup context + Pitch-type matchup,False,160,0.39777777777777773,0.39777777777777773,200
201,Jakob Marsee,Miami Marlins,Chicago Cubs,Clay Holmes,4,loanDepot park,135,3.3,Weak,5.7,4.4,1.2,4.4,7.1,6.6,7.0,84.56,5.0331051,225.0,8.0,5.7,6.3,7.4,Recent power + Ballpark,False,180,0.3975,0.3975,201
202,Mickey Gasper,Boston Red Sox,Baltimore Orioles,Kyle Bradish,2,Oriole Park at Camden Yards,110,3.3,Weak,1.9,3.5,4.8,3.5,6.0,6.5,9.0,78.98,4.8466938,34.0,9.0,7.6,4.5,8.1,Recent power + Lineup context,False,212,0.3963888888888889,0.3963888888888889,202
203,Tommy Edman,Los Angeles Dodgers,Washington Nationals,Andrew Alvarez,1,UNIQLO Field at Dodger Stadium,124,3.2,Weak,7.4,4.1,1.5,4.1,6.6,5.5,10.0,,,,5.9,3.7,3.7,4.3,Lineup context + Hitter skill,False,153,0.3944444444444445,0.3944444444444445,203
204,J.P. Crawford,Seattle Mariners,Athletics,Gage Jump,5,T-Mobile Park,37,3.2,Weak,8.1,2.2,4.2,2.2,2.7,5.5,6.0,,,,3.4,1.5,2.7,2.0,Hitter skill + Lineup context,False,178,0.39305555555555555,0.39305555555555555,204
205,Trea Turner,Philadelphia Phillies,Atlanta Braves,Tyler Mahle,2,Citizens Bank Park,115,3.2,Weak,6.5,3.2,2.7,3.2,6.2,6.6,9.0,77.18,5.530201900000001,24.0,3.4,5.8,3.2,5.0,Lineup context + Weather,False,168,0.3897222222222222,0.3897222222222222,205
206,Dustin Harris,San Diego Padres,New York Yankees,Gerrit Cole,7,Petco Park,105,3.1,Weak,3.7,1.4,6.3,1.4,5.7,5.5,4.0,,,,3.4,1.5,10.0,6.5,Pitcher vulnerability + Ballpark,False,216,0.3877777777777779,0.3877777777777779,206
207,Josh Bell,Minnesota Twins,Chicago White Sox,Bryan Hudson,4,Rate Field,69,3.1,Weak,4.2,5.9,2.4,5.9,4.1,5.5,7.0,,,,6.3,3.5,7.1,7.0,Lineup context + Recent power,False,224,0.38777777777777783,0.38777777777777783,207
208,Cody Freeman,Texas Rangers,Tampa Bay Rays,Ian Seymour,9,Globe Life Field,94,3.1,Weak,2.7,2.9,8.1,2.9,5.2,5.3,2.0,96.08,3.9767744,72.0,3.4,2.1,4.5,1.4,Pitcher vulnerability + Weather,False,217,0.3805555555555556,0.3805555555555556,208
209,Michael Arroyo,Seattle Mariners,Athletics,Gage Jump,8,T-Mobile Park,37,3.0,Weak,2.8,5.5,4.2,5.5,2.7,5.5,3.0,,,,5.5,5.5,5.5,5.5,Pitch-type matchup + Weather,False,245,0.3705555555555556,0.3705555555555556,209
210,Rece Hinds,Baltimore Orioles,Boston Red Sox,Payton Tolle,6,Oriole Park at Camden Yards,110,3.0,Weak,5.2,1.4,6.6,1.4,6.0,6.5,5.0,78.98,4.8466938,34.0,3.4,1.5,1.0,1.0,Pitcher vulnerability + Weather,False,175,0.3672222222222223,0.3672222222222223,210
211,Nick Fortes,Tampa Bay Rays,Texas Rangers,MacKenzie Gore,9,Globe Life Field,94,3.0,Weak,2.6,4.7,6.0,4.7,5.2,5.3,2.0,96.08,3.9767744,72.0,3.4,4.1,5.2,1.7,Pitcher vulnerability + Weather,False,234,0.36527777777777776,0.36527777777777776,211
212,Joe Mack,Miami Marlins,Chicago Cubs,Clay Holmes,6,loanDepot park,135,2.9,Weak,4.6,7.4,1.2,7.4,7.1,6.6,5.0,84.56,5.0331051,225.0,3.4,2.2,8.4,3.4,Pitch-type matchup + Ballpark,False,196,0.36416666666666664,0.36416666666666664,212
213,Sam Antonacci,Chicago White Sox,Minnesota Twins,Bailey Ober,1,Rate Field,69,2.9,Weak,4.2,4.8,3.9,4.8,4.1,5.5,10.0,,,,3.4,2.7,1.3,6.0,Lineup context + Weather,False,210,0.3622222222222223,0.3622222222222223,213
214,Jesús Sánchez,Toronto Blue Jays,Kansas City Royals,Randy Dobnak,4,Kauffman Stadium,168,2.9,Weak,5.9,1.8,3.0,1.8,8.6,5.3,7.0,92.12,2.7340324000000003,159.0,3.4,8.1,2.0,6.0,Ballpark + Lineup context,False,198,0.36055555555555563,0.36055555555555563,214
215,Kyle Tucker,Los Angeles Dodgers,Washington Nationals,Andrew Alvarez,6,UNIQLO Field at Dodger Stadium,124,2.8,Weak,6.6,3.4,1.5,3.4,6.6,5.5,5.0,,,,6.9,2.8,3.5,7.2,Recent power + Hitter skill,False,191,0.3602777777777778,0.3602777777777778,215
216,Ethan Salas,San Diego Padres,New York Yankees,Gerrit Cole,9,Petco Park,105,2.8,Weak,4.0,1.4,6.3,1.4,5.7,5.5,2.0,,,,3.4,1.5,1.4,9.6,Pitcher vulnerability + Ballpark,False,214,0.36000000000000004,0.36000000000000004,216
217,Daulton Varsho,Houston Astros,Arizona Diamondbacks,Eduardo Rodriguez,7,Daikin Park,111,2.8,Weak,3.5,4.6,3.6,4.6,6.0,5.5,4.0,,,,3.4,6.9,6.0,4.5,Ballpark + Weather,False,225,0.3594444444444445,0.3594444444444445,217
218,Braden Montgomery,Chicago White Sox,Minnesota Twins,Bailey Ober,6,Rate Field,69,2.7,Weak,3.8,3.6,3.9,3.6,4.1,5.5,5.0,,,,7.8,4.2,4.1,5.4,Recent power + Weather,False,231,0.3588888888888889,0.3588888888888889,218
219,Ryan Jeffers,Minnesota Twins,Chicago White Sox,Bryan Hudson,3,Rate Field,69,2.7,Weak,1.7,7.9,2.4,7.9,4.1,5.5,8.0,,,,10.0,7.0,4.7,1.9,Recent power + Lineup context,False,240,0.35833333333333334,0.35833333333333334,219
220,Vladimir Guerrero Jr.,Toronto Blue Jays,Kansas City Royals,Randy Dobnak,3,Kauffman Stadium,168,2.7,Weak,1.8,4.0,3.0,4.0,8.6,5.3,8.0,92.12,2.7340324000000003,159.0,6.3,6.9,8.9,9.2,Ballpark + Lineup context,False,241,0.3577777777777778,0.3577777777777778,220
221,Carlos Cortes,Athletics,Seattle Mariners,Bryan Woo,5,T-Mobile Park,37,2.6,Weak,3.5,2.6,6.9,2.6,2.7,5.5,6.0,,,,3.4,1.5,2.6,1.9,Pitcher vulnerability + Lineup context,False,221,0.35444444444444445,0.35444444444444445,221
222,Gunnar Henderson,Baltimore Orioles,Boston Red Sox,Payton Tolle,5,Oriole Park at Camden Yards,110,2.6,Weak,1.6,4.3,6.6,4.3,6.0,6.5,6.0,78.98,4.8466938,34.0,3.4,2.9,2.2,3.0,Pitcher vulnerability + Weather,False,209,0.3519444444444445,0.3519444444444445,222
223,Sean Keys,Toronto Blue Jays,Kansas City Royals,Randy Dobnak,6,Kauffman Stadium,168,2.6,Weak,1.3,2.8,3.0,2.8,8.6,5.3,5.0,92.12,2.7340324000000003,159.0,9.0,9.6,9.9,9.8,Recent power + Ballpark,False,256,0.3511111111111112,0.3511111111111112,223
224,Ryan McMahon,New York Yankees,San Diego Padres,Michael King,8,Petco Park,105,2.5,Poor,2.0,4.8,5.1,4.8,5.7,5.5,3.0,,,,3.4,3.5,4.4,7.1,Ballpark + Weather,False,239,0.35055555555555556,0.35055555555555556,224
225,Justin Crawford,Philadelphia Phillies,Atlanta Braves,Tyler Mahle,8,Citizens Bank Park,115,2.5,Poor,6.7,1.4,2.7,1.4,6.2,6.6,3.0,77.18,5.530201900000001,24.0,3.4,1.5,8.7,4.3,Hitter skill + Weather,False,194,0.3463888888888888,0.3463888888888888,225
226,Christian Vázquez,Houston Astros,Arizona Diamondbacks,Eduardo Rodriguez,9,Daikin Park,111,2.5,Poor,4.5,5.7,3.6,5.7,6.0,5.5,2.0,,,,3.4,4.5,1.4,1.2,Ballpark + Pitch-type matchup,False,203,0.3458333333333334,0.3458333333333334,226
227,Ezequiel Tovar,Colorado Rockies,St. Louis Cardinals,Kyle Leahy,9,Coors Field,207,2.4,Poor,3.2,5.6,2.1,5.6,10.0,5.9,2.0,87.26,4.349597,46.0,3.4,9.8,7.1,2.7,Ballpark + Weather,False,227,0.3447222222222222,0.3447222222222222,227
228,George Lombard Jr.,New York Yankees,San Diego Padres,Michael King,7,Petco Park,105,2.4,Poor,4.5,1.4,5.1,1.4,5.7,5.5,4.0,,,,3.4,3.7,5.4,3.5,Ballpark + Weather,False,218,0.3433333333333334,0.3433333333333334,228
229,Josh Smith,Toronto Blue Jays,Kansas City Royals,Randy Dobnak,7,Kauffman Stadium,168,2.4,Poor,4.9,2.6,3.0,2.6,8.6,5.3,4.0,92.12,2.7340324000000003,159.0,8.5,7.7,2.2,1.3,Ballpark + Recent power,False,204,0.3411111111111112,0.3411111111111112,229
230,Josh Naylor,Seattle Mariners,Athletics,Gage Jump,6,T-Mobile Park,37,2.3,Poor,4.1,3.6,4.2,3.6,2.7,5.5,5.0,,,,3.4,2.7,7.7,2.0,Weather + Lineup context,False,238,0.3408333333333334,0.3408333333333334,230
231,Bryan Reynolds,Pittsburgh Pirates,Los Angeles Angels,Walbert Ureña,3,PNC Park,74,2.3,Poor,1.4,5.0,1.8,5.0,4.3,6.6,8.0,76.82,7.3943149,56.0,6.1,9.2,9.4,9.4,Lineup context + Weather,False,261,0.34027777777777773,0.34027777777777773,231
232,Christian Moore,Los Angeles Angels,Pittsburgh Pirates,Paul Skenes,6,PNC Park,74,2.3,Poor,5.8,1.4,3.3,1.4,4.3,6.6,5.0,76.82,7.3943149,56.0,3.4,3.6,6.7,2.8,Weather + Hitter skill,False,213,0.3322222222222222,0.3322222222222222,232
233,Troy Johnston,Colorado Rockies,St. Louis Cardinals,Kyle Leahy,2,Coors Field,207,2.2,Poor,6.1,2.4,2.1,2.4,10.0,5.9,9.0,87.26,4.349597,46.0,3.4,3.2,3.9,2.5,Ballpark + Lineup context,False,183,0.3269444444444444,0.3269444444444444,233
234,Christian Walker,Houston Astros,Arizona Diamondbacks,Eduardo Rodriguez,5,Daikin Park,111,2.2,Poor,3.4,3.4,3.6,3.4,6.0,5.5,6.0,,,,3.4,3.1,5.6,6.4,Ballpark + Lineup context,False,232,0.3261111111111112,0.3261111111111112,234
235,Trevor Larnach,Minnesota Twins,Chicago White Sox,Bryan Hudson,7,Rate Field,69,2.2,Poor,1.2,6.5,2.4,6.5,4.1,5.5,4.0,,,,3.4,6.0,9.2,8.5,Pitch-type matchup + Weather,False,264,0.32555555555555565,0.32555555555555565,235
236,Leody Taveras,Baltimore Orioles,Boston Red Sox,Payton Tolle,7,Oriole Park at Camden Yards,110,2.1,Poor,1.2,3.8,6.6,3.8,6.0,6.5,4.0,78.98,4.8466938,34.0,3.4,2.2,3.0,2.7,Pitcher vulnerability + Weather,False,229,0.3244444444444445,0.3244444444444445,236
237,Drew Cavanaugh,San Francisco Giants,New York Mets,Christian Scott,8,Citi Field,101,2.1,Poor,3.1,1.4,5.7,1.4,5.5,6.5,3.0,73.58,3.728226,9.0,3.4,4.1,5.3,2.9,Weather + Pitcher vulnerability,False,236,0.32333333333333336,0.32333333333333336,237
238,Otto Lopez,Miami Marlins,Chicago Cubs,Clay Holmes,7,loanDepot park,135,2.1,Poor,5.0,2.9,1.2,2.9,7.1,6.6,4.0,84.56,5.0331051,225.0,3.4,7.2,6.9,5.6,Ballpark + Weather,False,223,0.31666666666666665,0.31666666666666665,238
239,Geraldo Perdomo,Arizona Diamondbacks,Houston Astros,Peter Lambert,1,Daikin Park,111,2.0,Poor,1.1,3.9,5.4,3.9,6.0,5.5,10.0,,,,3.4,1.5,5.5,3.9,Lineup context + Ballpark,False,235,0.3147222222222223,0.3147222222222223,239
240,Cam Smith,Houston Astros,Arizona Diamondbacks,Eduardo Rodriguez,8,Daikin Park,111,2.0,Poor,2.1,5.0,3.6,5.0,6.0,5.5,3.0,,,,3.4,3.4,7.9,4.0,Ballpark + Weather,False,247,0.3138888888888889,0.3138888888888889,240
241,Josh Lowe,Los Angeles Angels,Pittsburgh Pirates,Paul Skenes,7,PNC Park,74,2.0,Poor,1.7,5.8,3.3,5.8,4.3,6.6,4.0,76.82,7.3943149,56.0,8.4,3.3,3.2,3.7,Recent power + Weather,False,242,0.31277777777777777,0.31277777777777777,241
242,Caleb Durbin,Boston Red Sox,Baltimore Orioles,Kyle Bradish,6,Oriole Park at Camden Yards,110,1.9,Poor,3.8,3.1,4.8,3.1,6.0,6.5,5.0,78.98,4.8466938,34.0,3.4,1.5,1.5,1.4,Weather + Ballpark,False,207,0.31138888888888894,0.31138888888888894,242
243,Brett Bateman,Toronto Blue Jays,Kansas City Royals,Randy Dobnak,1,Kauffman Stadium,168,1.9,Poor,6.3,1.4,3.0,1.4,8.6,5.3,10.0,92.12,2.7340324000000003,159.0,3.4,1.5,1.2,1.5,Lineup context + Ballpark,False,189,0.30611111111111117,0.30611111111111117,243
244,Esmerlyn Valdez,Pittsburgh Pirates,Los Angeles Angels,Walbert Ureña,6,PNC Park,74,1.9,Poor,2.4,5.3,1.8,5.3,4.3,6.6,5.0,76.82,7.3943149,56.0,6.3,5.4,2.3,9.1,Weather + Recent power,False,254,0.3044444444444444,0.3044444444444444,244
245,David Hamilton,Milwaukee Brewers,Cincinnati Reds,Brady Singer,9,Great American Ball Park,81,1.8,Poor,5.0,1.8,4.5,1.8,4.6,6.6,2.0,78.25999999999999,8.2642343,50.0,3.4,1.5,2.1,1.1,Weather + Hitter skill,False,211,0.30027777777777775,0.30027777777777775,245
246,Brandon Valenzuela,Toronto Blue Jays,Kansas City Royals,Randy Dobnak,9,Kauffman Stadium,168,1.8,Poor,2.0,5.3,3.0,5.3,8.6,5.3,2.0,92.12,2.7340324000000003,159.0,3.4,3.4,5.0,6.2,Ballpark + Pitch-type matchup,False,249,0.2980555555555556,0.2980555555555556,246
247,Spencer Horwitz,Pittsburgh Pirates,Los Angeles Angels,Walbert Ureña,7,PNC Park,74,1.8,Poor,6.6,2.1,1.8,2.1,4.3,6.6,4.0,76.82,7.3943149,56.0,3.4,1.5,2.6,4.6,Hitter skill + Weather,False,219,0.295,0.295,247
248,Moisés Ballesteros,Los Angeles Angels,Pittsburgh Pirates,Paul Skenes,5,PNC Park,74,1.7,Poor,1.4,2.8,3.3,2.8,4.3,6.6,6.0,76.82,7.3943149,56.0,7.5,5.6,8.1,5.1,Recent power + Weather,False,260,0.2944444444444444,0.2944444444444444,248
249,Brandon Marsh,Philadelphia Phillies,Atlanta Braves,Tyler Mahle,7,Citizens Bank Park,115,1.7,Poor,2.5,3.7,2.7,3.7,6.2,6.6,4.0,77.18,5.530201900000001,24.0,3.4,9.7,5.1,2.2,Weather + Ballpark,False,244,0.2911111111111111,0.2911111111111111,249
250,Chase Meidroth,Chicago White Sox,Minnesota Twins,Bailey Ober,8,Rate Field,69,1.7,Poor,2.7,3.2,3.9,3.2,4.1,5.5,3.0,,,,3.4,2.7,4.5,6.0,Weather + Ballpark,False,258,0.2877777777777778,0.2877777777777778,250
251,Vimael Machín,Colorado Rockies,St. Louis Cardinals,Kyle Leahy,8,Coors Field,207,1.6,Poor,1.3,5.5,2.1,5.5,10.0,5.9,3.0,87.26,4.349597,46.0,5.5,5.5,5.5,5.5,Ballpark + Weather,False,251,0.2872222222222222,0.2872222222222222,251
252,Royce Lewis,Minnesota Twins,Chicago White Sox,Bryan Hudson,6,Rate Field,69,1.6,Poor,2.1,3.7,2.4,3.7,4.1,5.5,5.0,,,,6.1,7.7,5.2,5.2,Recent power + Weather,False,263,0.2827777777777778,0.2827777777777778,252
253,Konnor Griffin,Pittsburgh Pirates,Los Angeles Angels,Walbert Ureña,1,PNC Park,74,1.6,Poor,2.2,4.4,1.8,4.4,4.3,6.6,10.0,76.82,7.3943149,56.0,3.4,4.6,7.6,4.1,Lineup context + Weather,False,257,0.2763888888888889,0.2763888888888889,253
254,Freddie Freeman,Los Angeles Dodgers,Washington Nationals,Andrew Alvarez,4,UNIQLO Field at Dodger Stadium,124,1.5,Poor,2.5,3.0,1.5,3.0,6.6,5.5,7.0,,,,7.5,2.5,9.3,6.8,Recent power + Lineup context,False,253,0.2758333333333333,0.2758333333333333,254
255,Miguel Rojas,Los Angeles Dodgers,Washington Nationals,Andrew Alvarez,7,UNIQLO Field at Dodger Stadium,124,1.5,Poor,2.8,5.3,1.5,5.3,6.6,5.5,4.0,,,,3.4,1.5,7.8,4.9,Ballpark + Weather,False,250,0.2733333333333333,0.2733333333333333,255
256,Wade Meckler,Los Angeles Angels,Pittsburgh Pirates,Paul Skenes,3,PNC Park,74,1.5,Poor,3.3,1.4,3.3,1.4,4.3,6.6,8.0,76.82,7.3943149,56.0,3.4,2.2,4.9,3.8,Lineup context + Weather,False,248,0.2588888888888889,0.2588888888888889,256
257,Luis Arraez,Philadelphia Phillies,Atlanta Braves,Tyler Mahle,4,Citizens Bank Park,115,1.4,Avoid,3.9,1.9,2.7,1.9,6.2,6.6,7.0,77.18,5.530201900000001,24.0,3.4,3.2,1.6,4.1,Lineup context + Weather,False,228,0.25833333333333336,0.25833333333333336,257
258,Graham Pauley,Miami Marlins,Chicago Cubs,Clay Holmes,8,loanDepot park,135,1.4,Avoid,1.3,4.1,1.2,4.1,7.1,6.6,3.0,84.56,5.0331051,225.0,8.2,7.1,6.2,5.9,Recent power + Ballpark,False,259,0.25833333333333325,0.25833333333333325,258
259,Tyler Heineman,Los Angeles Angels,Pittsburgh Pirates,Paul Skenes,9,PNC Park,74,1.4,Avoid,5.0,1.4,3.3,1.4,4.3,6.6,2.0,76.82,7.3943149,56.0,3.4,1.5,1.3,1.1,Weather + Hitter skill,False,237,0.25055555555555553,0.25055555555555553,259
260,Jhonny Pereda,Seattle Mariners,Athletics,Gage Jump,9,T-Mobile Park,37,1.3,Avoid,2.4,1.4,4.2,1.4,2.7,5.5,2.0,,,,3.4,2.3,5.6,5.7,Weather + Pitcher vulnerability,False,267,0.24916666666666665,0.24916666666666665,260
261,Weston Wilson,Seattle Mariners,Athletics,Gage Jump,7,T-Mobile Park,37,1.3,Avoid,1.5,4.5,4.2,4.5,2.7,5.5,4.0,,,,3.4,2.0,1.8,2.1,Weather + Pitch-type matchup,False,262,0.2472222222222222,0.2472222222222222,261
262,Owen Caissie,Miami Marlins,Chicago Cubs,Clay Holmes,3,loanDepot park,135,1.3,Avoid,2.6,4.0,1.2,4.0,7.1,6.6,8.0,84.56,5.0331051,225.0,3.4,3.9,4.9,3.3,Lineup context + Ballpark,False,243,0.24027777777777776,0.24027777777777776,262
263,Will Smith,Los Angeles Dodgers,Washington Nationals,Andrew Alvarez,3,UNIQLO Field at Dodger Stadium,124,1.2,Avoid,5.2,1.4,1.5,1.4,6.6,5.5,8.0,,,,3.4,1.5,4.6,1.6,Lineup context + Ballpark,False,230,0.23916666666666664,0.23916666666666664,263
264,Andrés Giménez,Toronto Blue Jays,Kansas City Royals,Randy Dobnak,8,Kauffman Stadium,168,1.2,Avoid,3.0,1.8,3.0,1.8,8.6,5.3,3.0,92.12,2.7340324000000003,159.0,3.4,2.8,5.3,1.5,Ballpark + Weather,False,255,0.23277777777777778,0.23277777777777778,264
265,Garrett Stubbs,Philadelphia Phillies,Atlanta Braves,Tyler Mahle,9,Citizens Bank Park,115,1.2,Avoid,3.4,1.4,2.7,1.4,6.2,6.6,2.0,77.18,5.530201900000001,24.0,3.4,1.5,4.1,2.3,Weather + Ballpark,False,252,0.21527777777777776,0.21527777777777776,265
266,Walker Jenkins,Minnesota Twins,Chicago White Sox,Bryan Hudson,9,Rate Field,69,1.1,Avoid,2.9,1.4,2.4,1.4,4.1,5.5,2.0,,,,6.9,4.6,3.1,2.1,Recent power + Weather,False,266,0.21027777777777776,0.21027777777777776,266
267,Nick Gonzales,Pittsburgh Pirates,Los Angeles Angels,Walbert Ureña,4,PNC Park,74,1.1,Avoid,1.7,2.3,1.8,2.3,4.3,6.6,7.0,76.82,7.3943149,56.0,3.4,3.6,2.5,3.8,Lineup context + Weather,False,268,0.17777777777777778,0.17777777777777778,267
268,Oneil Cruz,Pittsburgh Pirates,Los Angeles Angels,Walbert Ureña,5,PNC Park,74,1.1,Avoid,1.1,2.3,1.8,2.3,4.3,6.6,6.0,76.82,7.3943149,56.0,3.4,7.9,1.9,3.5,Weather + Lineup context,False,269,0.17722222222222225,0.17722222222222225,268
269,Adam Frazier,Los Angeles Angels,Pittsburgh Pirates,Paul Skenes,8,PNC Park,74,1.0,Avoid,1.9,1.4,3.3,1.4,4.3,6.6,3.0,76.82,7.3943149,56.0,3.4,2.3,1.2,1.2,Weather + Ballpark,False,265,0.17166666666666666,0.17166666666666666,269
270,Enrique Hernández,Los Angeles Dodgers,Washington Nationals,Andrew Alvarez,9,UNIQLO Field at Dodger Stadium,124,1.0,Avoid,1.5,1.4,1.5,1.4,6.6,5.5,2.0,,,,3.4,3.4,3.2,5.3,Ballpark + Weather,False,270,0.14305555555555555,0.14305555555555555,270
